1.140800, 0.950400, 1.045600, 0.095200, 0.065300, 0.000000, 0.057500, 0.500000
1.189200, 1.171400, 1.180300, 0.008900, 0.065300, 0.000000, 0.065000, 0.500000
1.299800, 1.208600, 1.254200, 0.045600, 0.078300, 26.122000, 0.072400, 0.500000
1.202200, 1.107000, 1.154600, 0.047600, 0.091400, 0.000000, 0.094900, 0.500000
1.256000, 1.215600, 1.235800, 0.020200, 0.104400, 26.122000, 0.102400, 0.500000
1.108600, 1.158200, 1.133400, -0.024800, 0.130600, -13.292000, 0.109900, 0.500000
1.265600, 1.258200, 1.261900, 0.003700, 0.130600, -13.292000, 0.117400, 0.500000
1.443400, 1.320000, 1.381700, 0.061700, 0.117500, 26.122000, 0.124900, 0.500000
1.462800, 1.339000, 1.400900, 0.061900, 0.117500, 0.000000, 0.132400, 0.500000
1.450000, 1.384400, 1.417200, 0.032800, 0.156700, -13.292000, 0.139900, 0.500000
1.305600, 1.261000, 1.283300, 0.022300, 0.169700, -13.292000, 0.147400, 0.500000
1.262800, 1.211600, 1.237200, 0.025600, 0.182800, 12.830000, 0.154900, 0.500000
1.003800, 0.860200, 0.932000, 0.071800, 0.143600, 13.292000, 0.162400, 0.500000
1.202400, 0.966400, 1.084400, 0.118000, 0.169700, 0.000000, 0.169900, 0.500000
1.571800, 1.430200, 1.501000, 0.070800, 0.169700, 26.122000, 0.177400, 0.500000
1.274000, 1.295000, 1.284500, -0.010500, 0.195900, 26.122000, 0.184900, 0.500000
1.400200, 1.290400, 1.345300, 0.054900, 0.222000, 12.830000, 0.192400, 0.500000
0.567400, 0.497600, 0.532500, 0.034900, 0.208900, 13.292000, 0.199900, 0.500000
1.212000, 1.072000, 1.142000, 0.070000, 0.235000, 26.122000, 0.222400, 0.500000
1.094600, 1.052200, 1.073400, 0.021200, 0.261200, -13.292000, 0.229900, 0.500000
1.223200, 0.987200, 1.105200, 0.118000, 0.235000, 0.000000, 0.237400, 0.500000
1.413000, 1.373800, 1.393400, 0.019600, 0.235000, 26.122000, 0.244900, 0.500000
1.341000, 1.412000, 1.376500, -0.035500, 0.261200, -13.292000, 0.252400, 0.500000
1.232200, 1.197800, 1.215000, 0.017200, 0.287300, 12.830000, 0.259900, 0.500000
1.308400, 1.299200, 1.303800, 0.004600, 0.300400, -26.584000, 0.267400, 0.500000
1.050000, 1.206600, 1.128300, -0.078300, 0.300400, -13.292000, 0.274900, 0.500000
1.525200, 1.316800, 1.421000, 0.104200, 0.274200, 26.122000, 0.282400, 0.500000
1.392400, 1.277400, 1.334900, 0.057500, 0.300400, 26.122000, 0.305000, 0.500000
1.387000, 1.289400, 1.338200, 0.048800, 0.300400, 26.122000, 0.312500, 0.500000
1.047200, 1.153800, 1.100500, -0.053300, 0.326500, 26.122000, 0.320000, 0.500000
1.528000, 1.421800, 1.474900, 0.053100, 0.300400, 0.000000, 0.327500, 0.500000
0.920000, 0.882000, 0.901000, 0.019000, 0.378700, -13.292000, 0.335000, 0.500000
1.603400, 1.463200, 1.533300, 0.070100, 0.365700, -26.584000, 0.342500, 0.500000
1.733400, 1.643600, 1.688500, 0.044900, 0.365700, -0.462000, 0.350000, 0.500000
1.532000, 1.371600, 1.451800, 0.080200, 0.339500, 26.122000, 0.357500, 0.500000
1.395400, 1.289600, 1.342500, 0.052900, 0.326500, -26.122000, 0.365000, 0.500000
1.359200, 1.263200, 1.311200, 0.048000, 0.391800, 12.830000, 0.372500, 0.500000
1.676400, 1.658000, 1.667200, 0.009200, 0.365700, -13.292000, 0.380000, 0.500000
1.751400, 1.590800, 1.671100, 0.080300, 0.391800, -26.584000, 0.387500, 0.500000
0.936200, 0.888200, 0.912200, 0.024000, 0.457100, -13.292000, 0.410000, 0.500000
1.067000, 0.980800, 1.023900, 0.043100, 0.457100, 12.830000, 0.417500, 0.500000
1.952600, 1.768200, 1.860400, 0.092200, 0.417900, 12.830000, 0.440000, 0.500000
1.299600, 1.237800, 1.268700, 0.030900, 0.496300, -0.462000, 0.447500, 0.500000
1.276400, 1.279400, 1.277900, -0.001500, 0.457100, 26.122000, 0.455000, 0.500000
0.697400, 0.533600, 0.615500, 0.081900, 0.457100, -12.830000, 0.462500, 0.500000
1.324800, 1.143200, 1.234000, 0.090800, 0.470100, 0.000000, 0.470000, 0.500000
1.251600, 1.189600, 1.220600, 0.031000, 0.509300, 12.830000, 0.477500, 0.500000
1.231600, 1.254600, 1.243100, -0.011500, 0.509300, 12.830000, 0.485000, 0.500000
1.526200, 1.348000, 1.437100, 0.089100, 0.509300, 12.830000, 0.492500, 0.500000
1.232600, 1.291800, 1.262200, -0.029600, 0.522400, 12.830000, 0.500000, 0.500000
1.524400, 1.148000, 1.336200, 0.188200, 0.535500, -13.292000, 0.522500, 0.500000
1.401800, 1.228600, 1.315200, 0.086600, 0.535500, -13.292000, 0.530000, 0.500000
1.232200, 1.214000, 1.223100, 0.009100, 0.548500, -13.292000, 0.537500, 0.500000
1.267800, 1.150600, 1.209200, 0.058600, 0.548500, 26.122000, 0.545000, 0.500000
1.716200, 1.587200, 1.651700, 0.064500, 0.600800, -13.753000, 0.552500, 0.500000
0.902200, 0.672600, 0.787400, 0.114800, 0.574600, 26.122000, 0.556500, -0.500000
0.700800, 0.642000, 0.671400, 0.029400, 0.574600, 12.830000, 0.549000, -0.500000
0.208600, 0.096400, 0.152500, 0.056100, 0.561600, 12.830000, 0.526500, -0.500000
0.595600, 0.378600, 0.487100, 0.108500, 0.522400, -13.292000, 0.519000, -0.500000
0.732600, 0.692600, 0.712600, 0.020000, 0.496300, 26.122000, 0.496500, -0.500000
0.808800, 0.712200, 0.760500, 0.048300, 0.522400, 12.830000, 0.489000, -0.500000
0.642200, 0.479400, 0.560800, 0.081400, 0.509300, 12.830000, 0.481500, -0.500000
0.886400, 0.641800, 0.764100, 0.122300, 0.535500, 25.660000, 0.474000, -0.500000
1.091400, 0.807800, 0.949600, 0.141800, 0.457100, 12.830000, 0.466500, -0.500000
0.883200, 0.577600, 0.730400, 0.152800, 0.483200, -26.584000, 0.459000, -0.500000
0.937000, 0.475800, 0.706400, 0.230600, 0.483200, -26.584000, 0.451500, -0.500000
0.458000, 0.260600, 0.359300, 0.098700, 0.444000, 0.000000, 0.444000, -0.500000
1.196600, 1.021800, 1.109200, 0.087400, 0.431000, 12.830000, 0.436500, -0.500000
0.615400, 0.458800, 0.537100, 0.078300, 0.431000, -26.122000, 0.429000, -0.500000
0.228000, 0.158600, 0.193300, 0.034700, 0.404800, 13.292000, 0.421500, -0.500000
0.090200, -0.032600, 0.028800, 0.061400, 0.404800, 13.292000, 0.399000, -0.500000
1.034800, 0.690000, 0.862400, 0.172400, 0.417900, -26.584000, 0.391500, -0.500000
0.731200, 0.330000, 0.530600, 0.200600, 0.404800, -13.292000, 0.384000, -0.500000
0.614200, 0.393200, 0.503700, 0.110500, 0.391800, -13.292000, 0.361500, -0.500000
0.657800, 0.427000, 0.542400, 0.115400, 0.365700, -13.292000, 0.354000, -0.500000
0.825600, 0.661000, 0.743300, 0.082300, 0.326500, 26.122000, 0.331500, -0.500000
1.072200, 0.759400, 0.915800, 0.156400, 0.326500, -13.292000, 0.324000, -0.500000
0.551600, 0.419600, 0.485600, 0.066000, 0.313400, 26.122000, 0.301500, -0.500000
1.001600, 0.874000, 0.937800, 0.063800, 0.274200, -13.292000, 0.278900, -0.500000
0.880000, 0.693800, 0.786900, 0.093100, 0.274200, -13.292000, 0.271400, -0.500000
0.620000, 0.465600, 0.542800, 0.077200, 0.274200, 26.122000, 0.263900, -0.500000
0.925600, 0.860200, 0.892900, 0.032700, 0.287300, -26.584000, 0.256400, -0.500000
0.822000, 0.503000, 0.662500, 0.159500, 0.248100, 26.122000, 0.248900, -0.500000
0.765000, 0.443400, 0.604200, 0.160800, 0.235000, 0.000000, 0.241400, -0.500000
0.946800, 0.665600, 0.806200, 0.140600, 0.222000, 0.000000, 0.233900, -0.500000
0.762600, 0.388000, 0.575300, 0.187300, 0.235000, 0.000000, 0.226400, -0.500000
0.552200, 0.247000, 0.399600, 0.152600, 0.222000, 26.122000, 0.203900, -0.500000
0.502400, 0.261000, 0.381700, 0.120700, 0.208900, 26.122000, 0.196400, -0.500000
0.649600, 0.425400, 0.537500, 0.112100, 0.208900, -13.292000, 0.188900, -0.500000
0.572600, 0.472800, 0.522700, 0.049900, 0.182800, 0.000000, 0.181400, -0.500000
0.545800, 0.466800, 0.506300, 0.039500, 0.169700, -26.122000, 0.173900, -0.500000
0.425200, 0.234800, 0.330000, 0.095200, 0.169700, 0.000000, 0.151400, -0.500000
0.763000, 0.570600, 0.666800, 0.096200, 0.143600, 26.122000, 0.143900, -0.500000
0.789800, 0.788400, 0.789100, 0.000700, 0.130600, 26.122000, 0.136400, -0.500000
0.687600, 0.594000, 0.640800, 0.046800, 0.130600, 0.000000, 0.128900, -0.500000
0.627600, 0.654400, 0.641000, -0.013400, 0.117500, -26.122000, 0.121400, -0.500000
1.344000, 1.463000, 1.403500, -0.059500, 0.065300, 26.122000, 0.053200, 0.750000
0.944600, 1.126800, 1.035700, -0.091100, 0.078300, 0.000000, 0.064400, 0.750000
0.916200, 0.993800, 0.955000, -0.038800, 0.065300, 13.292000, 0.075700, 0.750000
1.319400, 1.359800, 1.339600, -0.020200, 0.104400, -13.292000, 0.087000, 0.750000
1.374800, 1.401600, 1.388200, -0.013400, 0.091400, 0.000000, 0.098200, 0.750000
1.300000, 1.377800, 1.338900, -0.038900, 0.117500, 26.122000, 0.109500, 0.750000
0.857800, 0.984000, 0.920900, -0.063100, 0.130600, -26.122000, 0.120700, 0.750000
1.348200, 1.492600, 1.420400, -0.072200, 0.143600, -13.292000, 0.132000, 0.750000
0.999400, 1.123200, 1.061300, -0.061900, 0.143600, -26.122000, 0.143200, 0.750000
1.393200, 1.319600, 1.356400, 0.036800, 0.130600, -26.122000, 0.154500, 0.750000
1.575400, 1.523600, 1.549500, 0.025900, 0.156700, 26.122000, 0.165700, 0.750000
0.886000, 1.047600, 0.966800, -0.080800, 0.169700, 13.292000, 0.177000, 0.750000
0.761200, 0.827000, 0.794100, -0.032900, 0.182800, 13.292000, 0.188200, 0.750000
1.223600, 1.384600, 1.304100, -0.080500, 0.208900, 26.122000, 0.199500, 0.750000
1.648200, 1.597600, 1.622900, 0.025300, 0.208900, -13.292000, 0.210700, 0.750000
0.799600, 0.895200, 0.847400, -0.047800, 0.248100, 0.000000, 0.222000, 0.750000
1.263600, 1.332200, 1.297900, -0.034300, 0.235000, 26.122000, 0.233200, 0.750000
1.174400, 1.128000, 1.151200, 0.023200, 0.261200, 26.122000, 0.244500, 0.750000
1.914200, 1.641800, 1.778000, 0.136200, 0.274200, 12.830000, 0.278200, 0.750000
1.561400, 1.060200, 1.310800, 0.250600, 0.287300, 26.122000, 0.289500, 0.750000
1.099000, 0.904000, 1.001500, 0.097500, 0.287300, 13.292000, 0.300700, 0.750000
1.530000, 1.439800, 1.484900, 0.045100, 0.300400, 0.000000, 0.312000, 0.750000
1.764400, 1.572200, 1.668300, 0.096100, 0.339500, 12.830000, 0.323200, 0.750000
1.342200, 1.409000, 1.375600, -0.033400, 0.352600, 12.830000, 0.334500, 0.750000
1.299400, 1.445800, 1.372600, -0.073200, 0.365700, -26.584000, 0.345700, 0.750000
1.837000, 1.745000, 1.791000, 0.046000, 0.339500, -13.292000, 0.357000, 0.750000
1.612200, 1.661200, 1.636700, -0.024500, 0.391800, -26.584000, 0.368200, 0.750000
1.423600, 1.411400, 1.417500, 0.006100, 0.391800, 26.122000, 0.379500, 0.750000
1.526600, 1.437600, 1.482100, 0.044500, 0.457100, 25.660000, 0.413200, 0.750000
0.833600, 0.857000, 0.845300, -0.011700, 0.417900, -12.830000, 0.424500, 0.750000
1.272400, 1.245800, 1.259100, 0.013300, 0.483200, 12.830000, 0.458200, 0.750000
1.702600, 1.709400, 1.706000, -0.003400, 0.509300, -13.292000, 0.514500, 0.750000
0.821600, 0.979800, 0.900700, -0.079100, 0.535500, 0.000000, 0.525700, 0.750000
0.977200, 0.890000, 0.933600, 0.043600, 0.548500, 0.000000, 0.537000, 0.750000
1.412200, 1.331000, 1.371600, 0.040600, 0.535500, 0.000000, 0.548200, 0.750000
1.563200, 1.506200, 1.534700, 0.028500, 0.600800, 12.830000, 0.581900, 0.750000
0.712000, 0.749000, 0.730500, -0.018500, 0.626900, 0.000000, 0.593200, 0.750000
0.823800, 0.768200, 0.796000, 0.027800, 0.613800, -26.122000, 0.604400, 0.750000
1.496000, 1.461200, 1.478600, 0.017400, 0.626900, 12.830000, 0.615700, 0.750000
1.389400, 1.221000, 1.305200, 0.084200, 0.626900, 0.000000, 0.626900, 0.750000
0.921800, 0.944200, 0.933000, -0.011200, 0.718300, 12.830000, 0.660700, 0.750000
1.057800, 1.131400, 1.094600, -0.036800, 0.718300, -26.584000, 0.671900, 0.750000
1.470600, 1.435800, 1.453200, 0.017400, 0.705200, 12.830000, 0.683200, 0.750000
1.820200, 1.509400, 1.664800, 0.155400, 0.679100, 12.830000, 0.687700, -0.750000
1.465000, 1.143400, 1.304200, 0.160800, 0.692200, -26.584000, 0.676400, -0.750000
0.614400, 0.524000, 0.569200, 0.045200, 0.705200, -13.292000, 0.665200, -0.750000
0.117000, 0.081800, 0.099400, 0.017600, 0.692200, -26.584000, 0.653900, -0.750000
0.163400, 0.029600, 0.096500, 0.066900, 0.653000, -13.292000, 0.642700, -0.750000
0.492800, 0.038800, 0.265800, 0.227000, 0.653000, 12.830000, 0.631400, -0.750000
0.315400, -0.051200, 0.132100, 0.183300, 0.587700, 13.292000, 0.620200, -0.750000
1.230800, 1.138200, 1.184500, 0.046300, 0.548500, 13.292000, 0.608900, -0.750000
1.001400, 0.777400, 0.889400, 0.112000, 0.653000, -13.753000, 0.597700, -0.750000
0.038600, -0.037600, 0.000500, 0.038100, 0.613800, -13.292000, 0.586400, -0.750000
0.389400, 0.283400, 0.336400, 0.053000, 0.561600, 26.122000, 0.575200, -0.750000
0.478000, 0.165600, 0.321800, 0.156200, 0.626900, 25.660000, 0.563900, -0.750000
1.254800, 0.934600, 1.094700, 0.160100, 0.561600, 25.661000, 0.552700, -0.750000
0.656200, 0.374600, 0.515400, 0.140800, 0.535500, 26.122000, 0.541400, -0.750000
0.564200, 0.271200, 0.417700, 0.146500, 0.561600, 12.830000, 0.530200, -0.750000
0.549000, 0.212600, 0.380800, 0.168200, 0.496300, 0.000000, 0.519000, -0.750000
0.679400, 0.351200, 0.515300, 0.164100, 0.535500, -26.584000, 0.507700, -0.750000
0.902400, 0.649800, 0.776100, 0.126300, 0.522400, -26.584000, 0.496500, -0.750000
0.680400, 0.222800, 0.451600, 0.228800, 0.483200, 0.000000, 0.485200, -0.750000
0.573000, 0.210600, 0.391800, 0.181200, 0.509300, 12.830000, 0.474000, -0.750000
0.647200, 0.352000, 0.499600, 0.147600, 0.483200, 12.830000, 0.462700, -0.750000
0.390000, 0.224000, 0.307000, 0.083000, 0.483200, 12.830000, 0.451500, -0.750000
0.035200, -0.048000, -0.006400, 0.041600, 0.470100, 12.830000, 0.440200, -0.750000
-0.281800, -0.455600, -0.368700, 0.086900, 0.431000, -26.122000, 0.429000, -0.750000
0.243400, 0.027200, 0.135300, 0.108100, 0.417900, 26.122000, 0.417700, -0.750000
0.992200, 0.729000, 0.860600, 0.131600, 0.378700, 26.122000, 0.406500, -0.750000
1.135800, 0.681600, 0.908700, 0.227100, 0.391800, -13.292000, 0.395200, -0.750000
0.687800, 0.247800, 0.467800, 0.220000, 0.378700, 0.000000, 0.384000, -0.750000
0.796800, 0.419800, 0.608300, 0.188500, 0.378700, -13.292000, 0.372700, -0.750000
0.041600, 0.016200, 0.028900, 0.012700, 0.378700, 12.830000, 0.339000, -0.750000
0.887400, 0.764800, 0.826100, 0.061300, 0.313400, -0.462000, 0.305200, -0.750000
0.721000, 0.278400, 0.499700, 0.221300, 0.287300, 0.000000, 0.294000, -0.750000
1.153200, 0.803000, 0.978100, 0.175100, 0.300400, -26.584000, 0.282700, -0.750000
0.859400, 0.495200, 0.677300, 0.182100, 0.287300, -13.292000, 0.271500, -0.750000
0.434200, -0.114000, 0.160100, 0.274100, 0.248100, 13.292000, 0.260200, -0.750000
0.624400, 0.223000, 0.423700, 0.200700, 0.235000, 0.000000, 0.249000, -0.750000
0.629400, 0.378000, 0.503700, 0.125700, 0.235000, 26.122000, 0.237700, -0.750000
0.554000, 0.344800, 0.449400, 0.104600, 0.248100, -13.292000, 0.226500, -0.750000
0.482800, 0.167800, 0.325300, 0.157500, 0.222000, 0.000000, 0.215200, -0.750000
0.371400, 0.265000, 0.318200, 0.053200, 0.208900, 0.000000, 0.204000, -0.750000
0.547000, 0.265600, 0.406300, 0.140700, 0.156700, 0.000000, 0.170200, -0.750000
0.678200, 0.522400, 0.600300, 0.077900, 0.156700, 26.122000, 0.159000, -0.750000
0.689400, 0.623400, 0.656400, 0.033000, 0.156700, 26.122000, 0.147700, -0.750000
0.629200, 0.384800, 0.507000, 0.122200, 0.130600, -26.122000, 0.136500, -0.750000
0.297600, 0.261600, 0.279600, 0.018000, 0.117500, 13.292000, 0.125200, -0.750000
0.251200, 0.133800, 0.192500, 0.058700, 0.130600, 0.000000, 0.114000, -0.750000
0.554400, 0.360200, 0.457300, 0.097100, 0.078300, -26.122000, 0.102700, -0.750000
1.405000, 1.591200, 1.498100, -0.093100, 0.104400, 26.122000, 0.109500, 1.000000
1.410400, 1.546200, 1.478300, -0.067900, 0.156700, 12.830000, 0.124500, 1.000000
1.423800, 1.535800, 1.479800, -0.056000, 0.156700, -13.292000, 0.139400, 1.000000
1.165000, 1.275400, 1.220200, -0.055200, 0.143600, -26.122000, 0.154400, 1.000000
1.482800, 1.419000, 1.450900, 0.031900, 0.169700, 26.122000, 0.169400, 1.000000
1.831800, 1.745000, 1.788400, 0.043400, 0.182800, -13.292000, 0.184400, 1.000000
1.623600, 1.626000, 1.624800, -0.001200, 0.208900, -13.292000, 0.199400, 1.000000
1.551400, 1.538000, 1.544700, 0.006700, 0.208900, 26.122000, 0.214400, 1.000000
1.525000, 1.510800, 1.517900, 0.007100, 0.248100, 12.830000, 0.229400, 1.000000
1.767000, 1.531000, 1.649000, 0.118000, 0.248100, -13.292000, 0.244400, 1.000000
1.346600, 1.019000, 1.182800, 0.163800, 0.287300, 0.000000, 0.289400, 1.000000
1.779200, 1.562600, 1.670900, 0.108300, 0.300400, 12.830000, 0.304400, 1.000000
1.697400, 1.564600, 1.631000, 0.066400, 0.313400, -13.292000, 0.319400, 1.000000
1.966000, 1.996000, 1.981000, -0.015000, 0.365700, -0.462000, 0.334400, 1.000000
1.071800, 1.122000, 1.096900, -0.025100, 0.391800, 26.122000, 0.349400, 1.000000
1.222200, 1.309000, 1.265600, -0.043400, 0.365700, 26.122000, 0.364400, 1.000000
1.509000, 1.474600, 1.491800, 0.017200, 0.391800, 12.830000, 0.379400, 1.000000
1.508400, 1.557600, 1.533000, -0.024600, 0.378700, 26.122000, 0.394400, 1.000000
2.146800, 1.837200, 1.992000, 0.154800, 0.404800, 12.830000, 0.409400, 1.000000
1.201800, 1.159400, 1.180600, 0.021200, 0.444000, 0.000000, 0.424400, 1.000000
1.742800, 1.569800, 1.656300, 0.086500, 0.483200, 25.660000, 0.439400, 1.000000
1.631000, 1.504400, 1.567700, 0.063300, 0.431000, -13.292000, 0.454400, 1.000000
1.697800, 1.783600, 1.740700, -0.042900, 0.496300, -26.584000, 0.469400, 1.000000
1.171000, 1.370200, 1.270600, -0.099600, 0.509300, 26.122000, 0.484400, 1.000000
1.387600, 1.393000, 1.390300, -0.002700, 0.535500, -26.584000, 0.499400, 1.000000
0.804600, 0.602800, 0.703700, 0.100900, 0.535500, 0.000000, 0.514400, 1.000000
1.425400, 1.278200, 1.351800, 0.073600, 0.574600, -26.584000, 0.529400, 1.000000
1.379000, 1.248400, 1.313700, 0.065300, 0.509300, -12.830000, 0.544400, 1.000000
1.305800, 1.217600, 1.261700, 0.044100, 0.626900, -0.462000, 0.559400, 1.000000
1.949200, 2.104600, 2.026900, -0.077700, 0.600800, -0.462000, 0.574400, 1.000000
1.329000, 1.474400, 1.401700, -0.072700, 0.600800, 26.122000, 0.589400, 1.000000
0.695800, 0.723600, 0.709700, -0.013900, 0.600800, 13.292000, 0.604500, 1.000000
2.625800, 2.486400, 2.556100, 0.069700, 0.587700, -0.462000, 0.619500, 1.000000
1.875800, 1.726600, 1.801200, 0.074600, 0.666100, -0.462000, 0.634500, 1.000000
1.989000, 1.914400, 1.951700, 0.037300, 0.692200, 12.369000, 0.649500, 1.000000
2.012400, 2.150400, 2.081400, -0.069000, 0.692200, 25.660000, 0.664500, 1.000000
1.075200, 1.098800, 1.087000, -0.011800, 0.666100, -26.122000, 0.679500, 1.000000
1.567800, 1.460400, 1.514100, 0.053700, 0.679100, 26.122000, 0.694500, 1.000000
1.635000, 1.662600, 1.648800, -0.013800, 0.731400, 12.830000, 0.709500, 1.000000
1.184600, 1.165000, 1.174800, 0.009800, 0.705200, -26.122000, 0.724500, 1.000000
2.800200, 2.968800, 2.884500, -0.084300, 0.666100, -26.584000, 0.739500, 1.000000
0.906600, 1.110200, 1.008400, -0.101800, 0.770600, 12.830000, 0.754500, 1.000000
1.182800, 1.152400, 1.167600, 0.015200, 0.744400, -26.122000, 0.769500, 1.000000
3.232800, 3.084000, 3.158400, 0.074400, 0.744400, -13.753000, 0.784500, 1.000000
1.101800, 1.103400, 1.102600, -0.000800, 0.809700, -26.584000, 0.794500, -1.000000
0.917200, 1.014800, 0.966000, -0.048800, 0.822800, -26.584000, 0.779500, -1.000000
0.938600, 0.907400, 0.923000, 0.015600, 0.757500, 26.122000, 0.764500, -1.000000
0.442000, 0.216800, 0.329400, 0.112600, 0.796700, -26.584000, 0.749500, -1.000000
1.011800, 0.691200, 0.851500, 0.160300, 0.770600, 25.660000, 0.734500, -1.000000
0.423000, -0.025400, 0.198800, 0.224200, 0.613800, 0.462000, 0.719500, -1.000000
0.660200, 0.569400, 0.614800, 0.045400, 0.718300, -26.584000, 0.704500, -1.000000
0.516800, 0.354000, 0.435400, 0.081400, 0.705200, -0.462000, 0.659500, -1.000000
0.591200, 0.342400, 0.466800, 0.124400, 0.679100, 25.660000, 0.644500, -1.000000
0.615600, 0.518400, 0.567000, 0.048600, 0.639900, -26.584000, 0.629500, -1.000000
0.651000, 0.681200, 0.666100, -0.015100, 0.587700, 12.830000, 0.614500, -1.000000
0.742800, 0.413800, 0.578300, 0.164500, 0.600800, -0.462000, 0.599500, -1.000000
1.106400, 0.746400, 0.926400, 0.180000, 0.574600, -26.584000, 0.584400, -1.000000
0.519400, 0.428200, 0.473800, 0.045600, 0.561600, -26.584000, 0.539400, -1.000000
0.160400, -0.112400, 0.024000, 0.136400, 0.548500, 12.830000, 0.524400, -1.000000
0.383600, -0.092000, 0.145800, 0.237800, 0.509300, -13.292000, 0.509400, -1.000000
0.676600, 0.191800, 0.434200, 0.242400, 0.535500, -0.462000, 0.494400, -1.000000
1.062000, 0.489400, 0.775700, 0.286300, 0.509300, -0.462000, 0.479400, -1.000000
0.568400, 0.061800, 0.315100, 0.253300, 0.496300, -26.584000, 0.464400, -1.000000
0.409600, 0.191600, 0.300600, 0.109000, 0.483200, -0.462000, 0.449400, -1.000000
0.183000, 0.028800, 0.105900, 0.077100, 0.444000, 26.122000, 0.434400, -1.000000
-0.155400, -0.173200, -0.164300, 0.008900, 0.431000, 26.122000, 0.419400, -1.000000
-0.067800, -0.308200, -0.188000, 0.120200, 0.417900, 26.122000, 0.404400, -1.000000
0.107200, -0.031600, 0.037800, 0.069400, 0.391800, -13.292000, 0.389400, -1.000000
0.507800, 0.103000, 0.305400, 0.202400, 0.378700, -13.292000, 0.374400, -1.000000
0.423800, -0.011200, 0.206300, 0.217500, 0.391800, -13.292000, 0.359400, -1.000000
0.490000, -0.017600, 0.236200, 0.253800, 0.365700, -13.292000, 0.344400, -1.000000
0.243000, -0.368000, -0.062500, 0.305500, 0.313400, -26.122000, 0.329400, -1.000000
-0.253600, -0.571800, -0.412700, 0.159100, 0.313400, -26.122000, 0.314400, -1.000000
0.453600, 0.206400, 0.330000, 0.123600, 0.261200, 0.000000, 0.299400, -1.000000
0.349200, 0.102400, 0.225800, 0.123400, 0.274200, 0.000000, 0.284400, -1.000000
0.259000, 0.118000, 0.188500, 0.070500, 0.261200, 12.830000, 0.239400, -1.000000
0.129400, -0.025000, 0.052200, 0.077200, 0.222000, 26.122000, 0.224400, -1.000000
-0.346800, -0.367000, -0.356900, 0.010100, 0.208900, -26.122000, 0.209400, -1.000000
0.153400, 0.050800, 0.102100, 0.051300, 0.182800, 0.000000, 0.194400, -1.000000
0.508000, 0.378200, 0.443100, 0.064900, 0.169700, 26.122000, 0.179400, -1.000000
0.163400, -0.170600, -0.003600, 0.167000, 0.130600, 26.122000, 0.119500, -1.000000
1.604800, 1.653800, 1.629300, -0.024500, 0.039100, -12.830000, 0.066200, 1.250000
1.291600, 1.388000, 1.339800, -0.048200, 0.091400, 0.000000, 0.084900, 1.250000
1.116200, 1.211000, 1.163600, -0.047400, 0.104400, 0.000000, 0.103700, 1.250000
1.586400, 1.662600, 1.624500, -0.038100, 0.104400, 26.122000, 0.122400, 1.250000
1.445800, 1.558400, 1.502100, -0.056300, 0.130600, 0.000000, 0.141200, 1.250000
1.488000, 1.584000, 1.536000, -0.048000, 0.143600, -26.122000, 0.159900, 1.250000
1.378600, 1.393600, 1.386100, -0.007500, 0.169700, -26.122000, 0.178700, 1.250000
1.297600, 1.143200, 1.220400, 0.077200, 0.195900, -26.122000, 0.197400, 1.250000
2.038800, 1.973200, 2.006000, 0.032800, 0.208900, 12.830000, 0.216200, 1.250000
2.021000, 1.936400, 1.978700, 0.042300, 0.208900, 26.122000, 0.234900, 1.250000
2.126000, 1.904000, 2.015000, 0.111000, 0.261200, -26.584000, 0.253700, 1.250000
1.120200, 1.137200, 1.128700, -0.008500, 0.287300, 0.000000, 0.272500, 1.250000
1.412200, 1.601200, 1.506700, -0.094500, 0.326500, 12.830000, 0.291200, 1.250000
1.505200, 1.800600, 1.652900, -0.147700, 0.326500, -13.292000, 0.310000, 1.250000
1.615600, 1.496000, 1.555800, 0.059800, 0.365700, -26.584000, 0.328700, 1.250000
1.303200, 1.175000, 1.239100, 0.064100, 0.339500, -26.122000, 0.347500, 1.250000
1.205000, 1.131400, 1.168200, 0.036800, 0.391800, 26.122000, 0.366200, 1.250000
2.394800, 2.185800, 2.290300, 0.104500, 0.352600, 12.830000, 0.385000, 1.250000
1.852400, 1.724800, 1.788600, 0.063800, 0.431000, -0.462000, 0.403700, 1.250000
1.370400, 1.322400, 1.346400, 0.024000, 0.470100, 12.830000, 0.422500, 1.250000
1.841600, 1.994600, 1.918100, -0.076500, 0.496300, -26.584000, 0.478700, 1.250000
2.031000, 1.824000, 1.927500, 0.103500, 0.522400, -0.462000, 0.497500, 1.250000
1.476000, 1.454200, 1.465100, 0.010900, 0.522400, 26.122000, 0.516200, 1.250000
2.075400, 1.884000, 1.979700, 0.095700, 0.587700, 12.369000, 0.535000, 1.250000
1.785600, 1.570000, 1.677800, 0.107800, 0.548500, -26.122000, 0.591200, 1.250000
1.525400, 1.455600, 1.490500, 0.034900, 0.679100, -0.462000, 0.610000, 1.250000
1.979400, 1.758000, 1.868700, 0.110700, 0.653000, -0.462000, 0.628700, 1.250000
1.801400, 1.825400, 1.813400, -0.012000, 0.653000, 12.830000, 0.647500, 1.250000
0.915400, 0.849400, 0.882400, 0.033000, 0.692200, -26.122000, 0.666200, 1.250000
1.708200, 1.574400, 1.641300, 0.066900, 0.731400, -0.462000, 0.685000, 1.250000
2.319400, 2.430400, 2.374900, -0.055500, 0.744400, 12.369000, 0.703700, 1.250000
1.139000, 1.051200, 1.095100, 0.043900, 0.731400, 26.584000, 0.760000, 1.250000
2.171200, 1.653400, 1.912300, 0.258900, 0.796700, -0.462000, 0.778700, 1.250000
1.644000, 1.818800, 1.731400, -0.087400, 0.783600, 26.122000, 0.797500, 1.250000
1.850800, 1.809600, 1.830200, 0.020600, 0.835900, -0.462000, 0.816200, 1.250000
0.780800, 0.714200, 0.747500, 0.033300, 0.835900, -12.830000, 0.835000, 1.250000
2.133600, 1.995200, 2.064400, 0.069200, 0.875000, 25.660000, 0.853700, 1.250000
2.517800, 2.350800, 2.434300, 0.083500, 0.875000, 25.660000, 0.872500, 1.250000
1.337400, 1.449800, 1.393600, -0.056200, 0.875000, 12.830000, 0.890000, -1.250000
1.469400, 1.200600, 1.335000, 0.134400, 0.888100, -0.462000, 0.871200, -1.250000
0.905800, 0.714800, 0.810300, 0.095500, 0.862000, 12.830000, 0.852500, -1.250000
-0.101400, -0.201800, -0.151600, 0.050200, 0.835900, -26.584000, 0.796200, -1.250000
-0.160400, -0.240400, -0.200400, 0.040000, 0.809700, -13.292000, 0.777500, -1.250000
0.499600, 0.164200, 0.331900, 0.167700, 0.757500, 12.830000, 0.758700, -1.250000
0.263800, 0.117800, 0.190800, 0.073000, 0.757500, -26.584000, 0.740000, -1.250000
-0.582400, -0.554000, -0.568200, -0.014200, 0.744400, 0.000000, 0.721200, -1.250000
0.267600, -0.052000, 0.107800, 0.159800, 0.666100, -26.122000, 0.702500, -1.250000
0.549000, 0.153800, 0.351400, 0.197600, 0.705200, 12.830000, 0.683700, -1.250000
0.666600, 0.095600, 0.381100, 0.285500, 0.757500, 12.369000, 0.665000, -1.250000
0.368400, 0.184600, 0.276500, 0.091900, 0.653000, -26.584000, 0.646200, -1.250000
0.937000, 1.083800, 1.010400, -0.073400, 0.639900, -13.753000, 0.627500, -1.250000
-0.599600, -0.584600, -0.592100, -0.007500, 0.679100, -13.292000, 0.608700, -1.250000
0.245400, 0.048800, 0.147100, 0.098300, 0.587700, -13.292000, 0.590000, -1.250000
0.348200, -0.042200, 0.153000, 0.195200, 0.600800, -0.462000, 0.571200, -1.250000
-0.205600, -0.601200, -0.403400, 0.197800, 0.587700, 12.830000, 0.552500, -1.250000
0.033600, -0.242400, -0.104400, 0.138000, 0.522400, -13.292000, 0.496200, -1.250000
0.286400, -0.075400, 0.105500, 0.180900, 0.483200, -13.292000, 0.477500, -1.250000
0.057800, -0.353800, -0.148000, 0.205800, 0.470100, 26.122000, 0.458700, -1.250000
-0.069600, -0.477600, -0.273600, 0.204000, 0.431000, 0.000000, 0.440000, -1.250000
0.023000, -0.213000, -0.095000, 0.118000, 0.444000, -26.584000, 0.421200, -1.250000
-0.145600, -0.311000, -0.228300, 0.082700, 0.391800, 26.122000, 0.402500, -1.250000
0.503200, 0.431200, 0.467200, 0.036000, 0.339500, 0.000000, 0.383700, -1.250000
0.696400, 0.279800, 0.488100, 0.208300, 0.391800, -0.462000, 0.365000, -1.250000
0.299600, 0.078000, 0.188800, 0.110800, 0.339500, 26.122000, 0.346200, -1.250000
0.684400, 0.383600, 0.534000, 0.150400, 0.274200, 12.830000, 0.290000, -1.250000
0.188000, -0.232800, -0.022400, 0.210400, 0.287300, -13.292000, 0.271200, -1.250000
0.047600, -0.304000, -0.128200, 0.175800, 0.261200, -13.292000, 0.252400, -1.250000
-0.123800, -0.523200, -0.323500, 0.199700, 0.235000, 26.122000, 0.233700, -1.250000
-0.611400, -0.934400, -0.772900, 0.161500, 0.222000, -26.122000, 0.214900, -1.250000
-0.151600, -0.540000, -0.345800, 0.194200, 0.195900, 0.000000, 0.196200, -1.250000
0.509200, 0.281800, 0.395500, 0.113700, 0.117500, 26.122000, 0.121200, -1.250000
1.955000, 1.984800, 1.969900, -0.014900, 0.065300, 26.122000, 0.064500, 1.500000
1.417800, 1.467000, 1.442400, -0.024600, 0.091400, -26.122000, 0.086900, 1.500000
1.366200, 1.350400, 1.358300, 0.007900, 0.130600, 26.122000, 0.109400, 1.500000
1.397600, 1.336200, 1.366900, 0.030700, 0.117500, -26.122000, 0.131900, 1.500000
1.673000, 1.484800, 1.578900, 0.094100, 0.156700, 26.122000, 0.154500, 1.500000
1.845200, 1.691800, 1.768500, 0.076700, 0.169700, 26.122000, 0.177000, 1.500000
1.648800, 1.443800, 1.546300, 0.102500, 0.182800, -26.122000, 0.199500, 1.500000
2.097000, 1.764600, 1.930800, 0.166200, 0.248100, -26.584000, 0.222000, 1.500000
1.747800, 1.740400, 1.744100, 0.003700, 0.248100, 26.122000, 0.244500, 1.500000
1.818800, 1.674400, 1.746600, 0.072200, 0.261200, 26.122000, 0.267000, 1.500000
1.560800, 1.558400, 1.559600, 0.001200, 0.313400, 12.830000, 0.289500, 1.500000
1.574200, 1.543000, 1.558600, 0.015600, 0.313400, 26.122000, 0.312000, 1.500000
1.139200, 1.178200, 1.158700, -0.019500, 0.365700, 26.122000, 0.334500, 1.500000
1.377000, 1.466400, 1.421700, -0.044700, 0.365700, 26.122000, 0.357000, 1.500000
1.633000, 1.735200, 1.684100, -0.051100, 0.378700, 26.122000, 0.379500, 1.500000
1.872400, 1.702400, 1.787400, 0.085000, 0.352600, 13.292000, 0.402000, 1.500000
1.553400, 1.339600, 1.446500, 0.106900, 0.378700, -12.830000, 0.424500, 1.500000
1.080400, 0.726600, 0.903500, 0.176900, 0.470100, 0.000000, 0.447000, 1.500000
1.770000, 1.731200, 1.750600, 0.019400, 0.483200, 12.830000, 0.469500, 1.500000
1.901400, 1.870000, 1.885700, 0.015700, 0.417900, -12.830000, 0.492000, 1.500000
1.744800, 1.892200, 1.818500, -0.073700, 0.509300, -13.292000, 0.514500, 1.500000
1.883200, 1.846400, 1.864800, 0.018400, 0.548500, -26.584000, 0.537000, 1.500000
2.185800, 2.282000, 2.233900, -0.048100, 0.587700, 25.660000, 0.559500, 1.500000
1.847800, 1.699000, 1.773400, 0.074400, 0.666100, -13.753000, 0.582000, 1.500000
1.454200, 1.328800, 1.391500, 0.062700, 0.626900, 12.830000, 0.604500, 1.500000
2.151600, 2.180000, 2.165800, -0.014200, 0.639900, 25.660000, 0.627000, 1.500000
1.873400, 1.805000, 1.839200, 0.034200, 0.653000, -13.292000, 0.649500, 1.500000
1.350600, 1.384800, 1.367700, -0.017100, 0.679100, 0.000000, 0.672000, 1.500000
0.934200, 0.959000, 0.946600, -0.012400, 0.626900, 13.753000, 0.694500, 1.500000
1.841000, 1.751000, 1.796000, 0.045000, 0.718300, -13.292000, 0.717000, 1.500000
1.918400, 1.920600, 1.919500, -0.001100, 0.835900, -27.045000, 0.739500, 1.500000
1.963600, 1.760600, 1.862100, 0.101500, 0.809700, 25.660000, 0.762000, 1.500000
0.696800, 0.681600, 0.689200, 0.007600, 0.770600, 0.462000, 0.784500, 1.500000
1.459400, 1.271600, 1.365500, 0.093900, 0.822800, 0.000000, 0.807000, 1.500000
2.162000, 1.991000, 2.076500, 0.085500, 0.835900, -26.584000, 0.829500, 1.500000
2.092200, 2.041400, 2.066800, 0.025400, 0.875000, -0.462000, 0.852000, 1.500000
2.257800, 2.042000, 2.149900, 0.107900, 0.875000, -26.584000, 0.874500, 1.500000
1.556800, 1.516600, 1.536700, 0.020100, 1.005700, 12.369000, 0.897000, 1.500000
1.429400, 1.140200, 1.284800, 0.144600, 1.031800, -0.462000, 0.964500, 1.500000
1.097200, 0.957200, 1.027200, 0.070000, 0.992600, 12.830000, 0.963000, -1.500000
0.880800, 0.570000, 0.725400, 0.155400, 1.005700, 25.661000, 0.940500, -1.500000
0.289200, -0.010000, 0.139600, 0.149600, 0.966500, 12.830000, 0.918000, -1.500000
0.042000, -0.290000, -0.124000, 0.166000, 0.940300, -0.462000, 0.895500, -1.500000
-0.443600, -0.643000, -0.543300, 0.099700, 0.901200, -13.292000, 0.873000, -1.500000
-0.474400, -0.751600, -0.613000, 0.138600, 0.822800, 13.292000, 0.850500, -1.500000
-0.037000, -0.247200, -0.142100, 0.105100, 0.862000, -13.292000, 0.828000, -1.500000
-0.625800, -0.698400, -0.662100, 0.036300, 0.809700, 0.000000, 0.805500, -1.500000
-0.263200, -0.291400, -0.277300, 0.014100, 0.783600, 0.000000, 0.783000, -1.500000
-0.440800, -0.641200, -0.541000, 0.100200, 0.757500, -26.122000, 0.760500, -1.500000
0.768800, 0.413800, 0.591300, 0.177500, 0.666100, -26.584000, 0.693000, -1.500000
1.387400, 1.073200, 1.230300, 0.157100, 0.600800, 25.660000, 0.625500, -1.500000
0.010200, -0.285600, -0.137700, 0.147900, 0.574600, 13.292000, 0.603000, -1.500000
-0.818200, -0.888800, -0.853500, 0.035300, 0.639900, 12.830000, 0.580500, -1.500000
-0.720200, -0.751600, -0.735900, 0.015700, 0.613800, -26.584000, 0.558000, -1.500000
-0.387400, -0.512400, -0.449900, 0.062500, 0.548500, -13.292000, 0.535500, -1.500000
-0.609000, -1.020600, -0.814800, 0.205800, 0.522400, -26.122000, 0.513000, -1.500000
0.512000, 0.208800, 0.360400, 0.151600, 0.522400, -13.753000, 0.490500, -1.500000
0.324600, -0.168400, 0.078100, 0.246500, 0.457100, 26.122000, 0.445500, -1.500000
-0.590800, -0.841200, -0.716000, 0.125200, 0.417900, 13.292000, 0.423000, -1.500000
-0.518800, -0.749200, -0.634000, 0.115200, 0.444000, -26.584000, 0.400500, -1.500000
-0.453600, -0.620600, -0.537100, 0.083500, 0.391800, -13.292000, 0.378000, -1.500000
0.301400, -0.152600, 0.074400, 0.227000, 0.352600, 12.830000, 0.355500, -1.500000
-0.267400, -0.483800, -0.375600, 0.108200, 0.313400, 26.122000, 0.310500, -1.500000
-0.164200, -0.341200, -0.252700, 0.088500, 0.300400, -13.292000, 0.288000, -1.500000
-0.232000, -0.300200, -0.266100, 0.034100, 0.287300, 26.122000, 0.265500, -1.500000
-0.047200, -0.390200, -0.218700, 0.171500, 0.274200, 12.830000, 0.243000, -1.500000
-0.078200, -0.466400, -0.272300, 0.194100, 0.235000, -13.292000, 0.220500, -1.500000
-0.428800, -0.554800, -0.491800, 0.063000, 0.208900, 0.000000, 0.198000, -1.500000
-0.669400, -0.754600, -0.712000, 0.042600, 0.195900, 26.122000, 0.175500, -1.500000
-0.447600, -0.544000, -0.495800, 0.048200, 0.182800, -26.584000, 0.153000, -1.500000
-0.418600, -0.652800, -0.535700, 0.117100, 0.130600, 26.122000, 0.130400, -1.500000
-0.027000, -0.230800, -0.128900, 0.101900, 0.104400, 26.122000, 0.107900, -1.500000
2.005400, 2.074400, 2.039900, -0.034500, 0.104400, 12.830000, 0.074300, 1.750000
1.162400, 1.360600, 1.261500, -0.099100, 0.130600, 0.000000, 0.100600, 1.750000
1.455800, 1.600600, 1.528200, -0.072400, 0.156700, 12.830000, 0.126800, 1.750000
1.497000, 1.546600, 1.521800, -0.024800, 0.169700, -13.292000, 0.153100, 1.750000
1.405600, 1.540800, 1.473200, -0.067600, 0.208900, -13.292000, 0.179300, 1.750000
1.076200, 1.192800, 1.134500, -0.058300, 0.222000, -26.122000, 0.205600, 1.750000
1.817800, 2.046600, 1.932200, -0.114400, 0.261200, -26.584000, 0.231800, 1.750000
1.310800, 1.356200, 1.333500, -0.022700, 0.274200, 0.000000, 0.258100, 1.750000
1.751400, 1.856600, 1.804000, -0.052600, 0.287300, -13.292000, 0.284300, 1.750000
1.566200, 1.613800, 1.590000, -0.023800, 0.365700, -26.584000, 0.310600, 1.750000
1.700600, 1.582600, 1.641600, 0.059000, 0.326500, 0.000000, 0.336800, 1.750000
2.237000, 2.020400, 2.128700, 0.108300, 0.417900, 12.369000, 0.363100, 1.750000
1.466800, 1.253800, 1.360300, 0.106500, 0.431000, -13.292000, 0.389300, 1.750000
1.626200, 1.612800, 1.619500, 0.006700, 0.404800, 0.000000, 0.415600, 1.750000
1.677200, 1.774400, 1.725800, -0.048600, 0.522400, 25.660000, 0.441800, 1.750000
1.702200, 1.790200, 1.746200, -0.044000, 0.496300, -26.584000, 0.468100, 1.750000
1.491200, 1.577800, 1.534500, -0.043300, 0.535500, -26.584000, 0.494300, 1.750000
1.820200, 1.985800, 1.903000, -0.082800, 0.522400, 12.830000, 0.520600, 1.750000
1.665800, 1.614200, 1.640000, 0.025800, 0.600800, -26.584000, 0.546800, 1.750000
2.176200, 2.047200, 2.111700, 0.064500, 0.587700, -26.584000, 0.573100, 1.750000
1.753800, 1.719400, 1.736600, 0.017200, 0.639900, -0.462000, 0.599300, 1.750000
1.077000, 1.389800, 1.233400, -0.156400, 0.692200, 12.830000, 0.625600, 1.750000
1.270000, 1.321400, 1.295700, -0.025700, 0.666100, 26.122000, 0.651800, 1.750000
1.630400, 1.708000, 1.669200, -0.038800, 0.666100, 0.000000, 0.678100, 1.750000
2.107200, 1.877200, 1.992200, 0.115000, 0.705200, -13.292000, 0.704300, 1.750000
2.218400, 1.993600, 2.106000, 0.112400, 0.770600, -0.462000, 0.783100, 1.750000
1.350600, 1.327600, 1.339100, 0.011500, 0.822800, 26.122000, 0.809300, 1.750000
1.358000, 1.183200, 1.270600, 0.087400, 0.848900, 26.122000, 0.835600, 1.750000
2.109800, 2.114400, 2.112100, -0.002300, 0.809700, 0.000000, 0.861800, 1.750000
1.905800, 1.859200, 1.882500, 0.023300, 1.044800, -0.923000, 0.940600, 1.750000
1.935400, 1.969800, 1.952600, -0.017200, 0.979500, -26.584000, 0.966800, 1.750000
2.497400, 2.464600, 2.481000, 0.016400, 1.110100, 24.738000, 0.993100, 1.750000
2.337600, 2.483200, 2.410400, -0.072800, 1.018700, -0.462000, 1.019300, 1.750000
2.868800, 2.481600, 2.675200, 0.193600, 1.110100, -14.214000, 1.045600, 1.750000
1.475200, 1.349800, 1.412500, 0.062700, 1.031800, -13.292000, 1.033300, -1.750000
0.471400, 0.427400, 0.449400, 0.022000, 1.071000, 25.660000, 1.007100, -1.750000
0.646200, 0.442200, 0.544200, 0.102000, 1.005700, 25.661000, 0.980800, -1.750000
0.187000, -0.280000, -0.046500, 0.233500, 1.018700, 25.660000, 0.954600, -1.750000
-0.348400, -0.099200, -0.223800, -0.124600, 0.901200, -26.122000, 0.928300, -1.750000
-0.011000, -0.176000, -0.093500, 0.082500, 0.979500, -13.753000, 0.902100, -1.750000
0.648000, 0.369800, 0.508900, 0.139100, 0.770600, -0.462000, 0.770800, -1.750000
0.273600, -0.208200, 0.032700, 0.240900, 0.796700, 25.660000, 0.744600, -1.750000
-0.105800, -0.255800, -0.180800, 0.075000, 0.770600, -26.584000, 0.718300, -1.750000
0.571600, 0.285200, 0.428400, 0.143200, 0.653000, 25.660000, 0.639600, -1.750000
-0.534800, -0.980000, -0.757400, 0.222600, 0.653000, 26.122000, 0.613300, -1.750000
-0.337600, -0.460200, -0.398900, 0.061300, 0.587700, 0.000000, 0.587100, -1.750000
-0.547200, -0.725400, -0.636300, 0.089100, 0.639900, -0.462000, 0.560800, -1.750000
-0.266400, -0.378200, -0.322300, 0.055900, 0.522400, 26.122000, 0.534600, -1.750000
-0.719600, -0.974200, -0.846900, 0.127300, 0.444000, 0.462000, 0.482100, -1.750000
0.475600, 0.019400, 0.247500, 0.228100, 0.483200, 25.660000, 0.455800, -1.750000
-0.668400, -0.778600, -0.723500, 0.055100, 0.378700, -26.122000, 0.377100, -1.750000
-0.683400, -0.776200, -0.729800, 0.046400, 0.352600, 26.122000, 0.350800, -1.750000
-0.989600, -1.068400, -1.029000, 0.039400, 0.365700, -13.292000, 0.324600, -1.750000
-0.931800, -1.011600, -0.971700, 0.039900, 0.287300, -26.122000, 0.298300, -1.750000
-0.411000, -0.560000, -0.485500, 0.074500, 0.300400, 12.830000, 0.272100, -1.750000
0.275200, 0.176200, 0.225700, 0.049500, 0.261200, -0.462000, 0.245800, -1.750000
-0.230800, -0.445600, -0.338200, 0.107400, 0.235000, 26.122000, 0.219600, -1.750000
-0.491600, -0.946400, -0.719000, 0.227400, 0.195900, -26.122000, 0.193300, -1.750000
-0.373600, -0.690400, -0.532000, 0.158400, 0.182800, -13.292000, 0.167100, -1.750000
-0.437600, -0.910600, -0.674100, 0.236500, 0.130600, -26.122000, 0.140800, -1.750000
0.031400, -0.284800, -0.126700, 0.158100, 0.117500, -13.292000, 0.114600, -1.750000
1.789800, 2.040600, 1.915200, -0.125400, 0.039100, -26.122000, 0.062900, 2.000000
1.834200, 1.946800, 1.890500, -0.056300, 0.104400, 26.122000, 0.093000, 2.000000
1.518800, 1.622400, 1.570600, -0.051800, 0.130600, 0.000000, 0.123000, 2.000000
1.515200, 1.575600, 1.545400, -0.030200, 0.182800, -13.292000, 0.153000, 2.000000
1.606400, 1.533800, 1.570100, 0.036300, 0.195900, 26.122000, 0.183000, 2.000000
1.778200, 1.512600, 1.645400, 0.132800, 0.261200, 12.830000, 0.213000, 2.000000
2.229600, 2.111000, 2.170300, 0.059300, 0.261200, 26.122000, 0.302900, 2.000000
2.040200, 1.867400, 1.953800, 0.086400, 0.326500, -13.292000, 0.332900, 2.000000
1.103600, 1.181200, 1.142400, -0.038800, 0.431000, 12.830000, 0.362900, 2.000000
2.391600, 2.368000, 2.379800, 0.011800, 0.417900, 25.660000, 0.392900, 2.000000
2.021800, 2.153600, 2.087700, -0.065900, 0.470100, 25.660000, 0.422900, 2.000000
1.996000, 1.883800, 1.939900, 0.056100, 0.470100, 12.830000, 0.452900, 2.000000
2.286800, 2.148600, 2.217700, 0.069100, 0.470100, 12.830000, 0.482900, 2.000000
0.910000, 0.944800, 0.927400, -0.017400, 0.548500, -26.122000, 0.512900, 2.000000
2.340400, 2.268000, 2.304200, 0.036200, 0.574600, -13.753000, 0.542900, 2.000000
1.747600, 1.575200, 1.661400, 0.086200, 0.509300, -12.830000, 0.572900, 2.000000
2.017600, 1.950400, 1.984000, 0.033600, 0.548500, 13.292000, 0.602900, 2.000000
1.876200, 2.063200, 1.969700, -0.093500, 0.653000, -26.584000, 0.632900, 2.000000
1.579800, 1.456000, 1.517900, 0.061900, 0.692200, -13.292000, 0.662900, 2.000000
2.050600, 2.015000, 2.032800, 0.017800, 0.705200, -0.462000, 0.692900, 2.000000
2.002800, 1.911800, 1.957300, 0.045500, 0.718300, -13.292000, 0.722900, 2.000000
0.684800, 0.940800, 0.812800, -0.128000, 0.862000, -26.584000, 0.752900, 2.000000
1.019000, 1.308400, 1.163700, -0.144700, 0.783600, 26.122000, 0.782900, 2.000000
1.758600, 1.812200, 1.785400, -0.026800, 0.770600, 0.000000, 0.812900, 2.000000
2.250800, 2.305000, 2.277900, -0.027100, 0.953400, -14.215000, 0.842900, 2.000000
2.416200, 2.356400, 2.386300, 0.029900, 0.862000, -26.584000, 0.872900, 2.000000
0.896800, 1.117600, 1.007200, -0.110400, 0.979500, 12.830000, 0.902900, 2.000000
1.696600, 1.760600, 1.728600, -0.032000, 0.901200, 0.000000, 0.932900, 2.000000
1.554800, 1.272400, 1.413600, 0.141200, 0.927300, -26.122000, 0.962900, 2.000000
2.940000, 2.913000, 2.926500, 0.013500, 1.005700, -27.045000, 0.992900, 2.000000
1.261000, 1.372400, 1.316700, -0.055700, 1.097100, -13.753000, 1.022900, 2.000000
2.194000, 2.137000, 2.165500, 0.028500, 1.149300, 25.199000, 1.052900, 2.000000
2.535600, 2.294200, 2.414900, 0.120700, 1.084000, -13.753000, 1.082900, 2.000000
0.870200, 0.632800, 0.751500, 0.118700, 1.136300, -26.584000, 1.076900, -2.000000
-0.049800, -0.334600, -0.192200, 0.142400, 1.084000, 0.000000, 1.046900, -2.000000
1.033400, 1.114800, 1.074100, -0.040700, 1.044800, -13.753000, 1.016900, -2.000000
0.707400, 0.800800, 0.754100, -0.046700, 1.005700, -0.462000, 0.986900, -2.000000
0.225200, -0.195000, 0.015100, 0.210100, 1.018700, -13.753000, 0.956900, -2.000000
-0.268400, -0.053000, -0.160700, -0.107700, 0.940300, 12.830000, 0.926900, -2.000000
-0.485800, -0.327800, -0.406800, -0.079000, 0.940300, -0.462000, 0.896900, -2.000000
-0.288000, -0.306200, -0.297100, 0.009100, 0.888100, -13.292000, 0.866900, -2.000000
-1.386800, -1.900800, -1.643800, 0.257000, 0.731400, 0.462000, 0.716900, -2.000000
-0.031200, -0.264200, -0.147700, 0.116500, 0.718300, -26.584000, 0.686900, -2.000000
-0.935000, -0.936600, -0.935800, 0.000800, 0.613800, 26.584000, 0.656900, -2.000000
-0.139200, -0.200600, -0.169900, 0.030700, 0.613800, 12.830000, 0.626900, -2.000000
-0.831200, -1.157800, -0.994500, 0.163300, 0.613800, -26.122000, 0.596900, -2.000000
0.170200, -0.120800, 0.024700, 0.145500, 0.548500, 26.122000, 0.566900, -2.000000
0.349200, -0.153000, 0.098100, 0.251100, 0.522400, -13.292000, 0.536900, -2.000000
-0.399000, -0.467200, -0.433100, 0.034100, 0.535500, -26.584000, 0.506900, -2.000000
-0.527400, -0.618600, -0.573000, 0.045600, 0.404800, 26.122000, 0.416900, -2.000000
-0.566400, -0.792400, -0.679400, 0.113000, 0.417900, -13.292000, 0.386900, -2.000000
-0.158000, -0.573800, -0.365900, 0.207900, 0.391800, 12.830000, 0.356900, -2.000000
-0.017600, -0.366000, -0.191800, 0.174200, 0.352600, -26.584000, 0.326900, -2.000000
-0.676400, -0.964800, -0.820600, 0.144200, 0.313400, 26.122000, 0.296900, -2.000000
-0.219200, -0.403600, -0.311400, 0.092200, 0.261200, -13.292000, 0.267000, -2.000000
-0.899600, -0.780600, -0.840100, -0.059500, 0.235000, -26.122000, 0.237000, -2.000000
-0.907200, -1.082800, -0.995000, 0.087800, 0.195900, -26.122000, 0.207000, -2.000000
-0.686400, -0.654400, -0.670400, -0.016000, 0.195900, 12.830000, 0.177000, -2.000000
-0.686400, -0.782000, -0.734200, 0.047800, 0.143600, 0.000000, 0.147000, -2.000000
-0.383400, -0.518600, -0.451000, 0.067600, 0.143600, 12.830000, 0.117000, -2.000000
1.614800, 1.649400, 1.632100, -0.017300, 0.065300, 13.292000, 0.069700, 2.250000
0.667000, 0.766400, 0.716700, -0.049700, 0.065300, 0.462000, 0.103500, 2.250000
0.749000, 0.842400, 0.795700, -0.046700, 0.130600, -26.122000, 0.137200, 2.250000
1.108600, 1.159200, 1.133900, -0.025300, 0.261200, 13.292000, 0.272200, 2.250000
0.985200, 1.134000, 1.059600, -0.074400, 0.352600, 26.122000, 0.305900, 2.250000
2.025600, 2.019800, 2.022700, 0.002900, 0.470100, -13.753000, 0.407200, 2.250000
1.652400, 1.610200, 1.631300, 0.021100, 0.457100, -13.292000, 0.441000, 2.250000
2.363600, 2.149600, 2.256600, 0.107000, 0.417900, 26.122000, 0.474700, 2.250000
2.000400, 1.997800, 1.999100, 0.001300, 0.522400, -0.462000, 0.508500, 2.250000
2.656600, 2.819800, 2.738200, -0.081600, 0.574600, 12.369000, 0.542200, 2.250000
2.154400, 2.111400, 2.132900, 0.021500, 0.548500, 0.000000, 0.575900, 2.250000
2.143600, 2.089400, 2.116500, 0.027100, 0.613800, -26.584000, 0.609700, 2.250000
0.535400, 0.855800, 0.695600, -0.160200, 0.822800, -27.045000, 0.643400, 2.250000
2.884800, 2.767400, 2.826100, 0.058700, 0.653000, 25.661000, 0.677200, 2.250000
1.848000, 1.777200, 1.812600, 0.035400, 0.731400, -26.584000, 0.710900, 2.250000
1.869800, 2.042400, 1.956100, -0.086300, 0.809700, -13.753000, 0.744700, 2.250000
0.504400, 0.104000, 0.304200, 0.200200, 0.796700, 13.292000, 0.778400, 2.250000
1.809200, 1.634000, 1.721600, 0.087600, 0.848900, -26.584000, 0.812200, 2.250000
2.161800, 2.277600, 2.219700, -0.057900, 1.162400, 11.446000, 0.980900, 2.250000
2.664200, 3.230400, 2.947300, -0.283100, 0.927300, 25.660000, 1.014700, 2.250000
1.430800, 1.256000, 1.343400, 0.087400, 1.136300, -27.045000, 1.048400, 2.250000
1.761200, 1.836000, 1.798600, -0.037400, 1.031800, 0.000000, 1.082200, 2.250000
0.191600, 0.677200, 0.434400, -0.242800, 1.123200, 26.584000, 1.115900, 2.250000
3.144000, 2.283600, 2.713800, 0.430200, 1.175400, 25.199000, 1.149700, 2.250000
1.825800, 1.413200, 1.619500, 0.206300, 1.306100, -14.214000, 1.183400, 2.250000
1.112400, 1.381600, 1.247000, -0.134600, 1.188500, -0.462000, 1.167700, -2.250000
0.740600, 0.747000, 0.743800, -0.003200, 1.188500, 25.660000, 1.133900, -2.250000
1.176800, 0.815000, 0.995900, 0.180900, 1.084000, 26.122000, 1.100200, -2.250000
-0.061800, -0.432000, -0.246900, 0.185100, 1.123200, -26.584000, 1.066400, -2.250000
-0.360800, -0.919000, -0.639900, 0.279100, 1.057900, -12.830000, 1.032700, -2.250000
0.413600, 0.045200, 0.229400, 0.184200, 1.149300, -27.506000, 0.998900, -2.250000
0.111600, -0.356800, -0.122600, 0.234200, 1.044800, -13.753000, 0.965200, -2.250000
-0.318400, -0.334000, -0.326200, 0.007800, 0.914200, -26.584000, 0.931400, -2.250000
-0.546600, -0.249600, -0.398100, -0.148500, 0.901200, 12.830000, 0.897700, -2.250000
-0.391800, -0.482000, -0.436900, 0.045100, 0.848900, 0.000000, 0.863900, -2.250000
-0.302200, -0.786800, -0.544500, 0.242300, 0.888100, -26.584000, 0.830200, -2.250000
0.043600, -0.226200, -0.091300, 0.134900, 0.848900, -13.753000, 0.796400, -2.250000
0.441000, 0.521400, 0.481200, -0.040200, 0.770600, -13.753000, 0.762700, -2.250000
-0.366200, -0.191800, -0.279000, -0.087200, 0.731400, -13.292000, 0.728900, -2.250000
-0.602000, -0.697000, -0.649500, 0.047500, 0.679100, -26.584000, 0.627700, -2.250000
-0.724400, -0.755600, -0.740000, 0.015600, 0.535500, 26.584000, 0.593900, -2.250000
-0.683400, -1.075000, -0.879200, 0.195800, 0.522400, 26.122000, 0.492700, -2.250000
-0.576800, -0.811800, -0.694300, 0.117500, 0.509300, -0.462000, 0.459000, -2.250000
0.087200, -0.294400, -0.103600, 0.190800, 0.417900, -26.584000, 0.425200, -2.250000
-0.497400, -0.663400, -0.580400, 0.083000, 0.391800, -13.292000, 0.391500, -2.250000
-0.946000, -0.864600, -0.905300, -0.040700, 0.404800, -13.292000, 0.357700, -2.250000
-0.753400, -0.833000, -0.793200, 0.039800, 0.339500, 26.122000, 0.323900, -2.250000
-0.933800, -0.962600, -0.948200, 0.014400, 0.287300, 0.000000, 0.290200, -2.250000
-0.880000, -0.834800, -0.857400, -0.022600, 0.248100, 26.122000, 0.256400, -2.250000
-0.356600, -0.628200, -0.492400, 0.135800, 0.222000, 26.122000, 0.222700, -2.250000
-0.647800, -0.846600, -0.747200, 0.099400, 0.195900, 0.000000, 0.188900, -2.250000
-0.442800, -0.600400, -0.521600, 0.078800, 0.169700, -13.292000, 0.155200, -2.250000
-0.688800, -0.912600, -0.800700, 0.111900, 0.104400, -26.122000, 0.121500, -2.250000
2.138200, 2.514600, 2.326400, -0.188200, 0.013000, 26.122000, 0.053700, 2.500000
-1.020000, -0.683200, -0.851600, -0.168400, 0.222000, 26.584000, 0.091200, 2.500000
1.420200, 1.627200, 1.523700, -0.103500, 0.130600, -13.292000, 0.128700, 2.500000
1.868800, 1.897000, 1.882900, -0.014100, 0.156700, 26.122000, 0.166200, 2.500000
0.488600, 0.558600, 0.523600, -0.035000, 0.222000, -25.660000, 0.203700, 2.500000
1.438000, 1.538600, 1.488300, -0.050300, 0.248100, 26.122000, 0.241200, 2.500000
1.189400, 1.249000, 1.219200, -0.029800, 0.287300, -26.122000, 0.278700, 2.500000
1.882000, 1.913200, 1.897600, -0.015600, 0.391800, 26.122000, 0.391200, 2.500000
2.146200, 2.245800, 2.196000, -0.049800, 0.431000, 12.830000, 0.428700, 2.500000
2.552200, 2.540000, 2.546100, 0.006100, 0.457100, -26.584000, 0.466200, 2.500000
1.351800, 1.153000, 1.252400, 0.099400, 0.496300, 13.292000, 0.503700, 2.500000
2.222800, 2.378200, 2.300500, -0.077700, 0.639900, -0.462000, 0.616200, 2.500000
2.608600, 2.550200, 2.579400, 0.029200, 0.692200, 12.369000, 0.653700, 2.500000
2.303200, 2.504800, 2.404000, -0.100800, 0.757500, -27.045000, 0.691200, 2.500000
1.007600, 1.184800, 1.096200, -0.088600, 0.692200, 26.584000, 0.728700, 2.500000
2.383800, 2.458600, 2.421200, -0.037400, 0.679100, 0.000000, 0.766200, 2.500000
1.460200, 1.208600, 1.334400, 0.125800, 0.966500, 25.199000, 0.803700, 2.500000
1.334200, 1.450000, 1.392100, -0.057900, 0.835900, 0.000000, 0.841200, 2.500000
0.357800, 0.364600, 0.361200, -0.003400, 1.044800, 25.661000, 0.878700, 2.500000
0.929200, 0.928000, 0.928600, 0.000600, 1.031800, -13.753000, 0.916200, 2.500000
0.282600, 0.343200, 0.312900, -0.030300, 1.097100, 12.830000, 0.953700, 2.500000
1.102200, 0.936800, 1.019500, 0.082700, 1.005700, -26.122000, 0.991200, 2.500000
1.152400, 1.236400, 1.194400, -0.042000, 1.071000, -13.292000, 1.028700, 2.500000
2.209000, 2.262400, 2.235700, -0.026700, 1.057900, -0.462000, 1.066200, 2.500000
1.325000, 1.830800, 1.577900, -0.252900, 1.162400, -0.462000, 1.103700, 2.500000
1.721600, 1.785800, 1.753700, -0.032100, 1.110100, 13.292000, 1.141200, 2.500000
2.283200, 2.038800, 2.161000, 0.122200, 1.319100, 11.447000, 1.178700, 2.500000
-0.207200, 0.535200, 0.164000, -0.371200, 1.175400, -25.661000, 1.223700, -2.500000
0.887200, 0.581800, 0.734500, 0.152700, 1.240800, -0.462000, 1.186200, -2.500000
-0.179600, -0.126200, -0.152900, -0.026700, 1.279900, 25.661000, 1.148700, -2.500000
1.629800, 1.458000, 1.543900, 0.085900, 1.044800, 25.661000, 1.111200, -2.500000
-0.837200, -0.290600, -0.563900, -0.273300, 1.188500, 12.368000, 1.073700, -2.500000
0.559200, 0.239400, 0.399300, 0.159900, 1.071000, 12.369000, 1.036200, -2.500000
-0.098400, -0.634000, -0.366200, 0.267800, 0.979500, 0.000000, 0.998700, -2.500000
-0.202000, -0.423600, -0.312800, 0.110800, 1.031800, -13.753000, 0.961200, -2.500000
0.740400, 0.643000, 0.691700, 0.048700, 0.835900, -13.292000, 0.923700, -2.500000
0.379200, 0.121400, 0.250300, 0.128900, 0.848900, -13.292000, 0.886200, -2.500000
0.206200, 0.043000, 0.124600, 0.081600, 0.822800, -13.292000, 0.848700, -2.500000
-1.055800, -1.274800, -1.165300, 0.109500, 0.822800, -26.122000, 0.811200, -2.500000
0.346400, 0.176200, 0.261300, 0.085100, 0.770600, 25.660000, 0.773700, -2.500000
-0.062000, -0.107000, -0.084500, 0.022500, 0.770600, -13.753000, 0.736200, -2.500000
-1.241400, -1.394200, -1.317800, 0.076400, 0.770600, -13.292000, 0.698700, -2.500000
-0.628400, -0.569800, -0.599100, -0.029300, 0.718300, 25.660000, 0.661200, -2.500000
-0.797600, -0.925400, -0.861500, 0.063900, 0.653000, 12.830000, 0.623700, -2.500000
-0.856200, -0.940200, -0.898200, 0.042000, 0.587700, 0.000000, 0.586200, -2.500000
-1.115800, -1.271800, -1.193800, 0.078000, 0.587700, -13.292000, 0.548700, -2.500000
-0.031200, -0.316800, -0.174000, 0.142800, 0.522400, 12.830000, 0.511200, -2.500000
-0.536400, -0.648200, -0.592300, 0.055900, 0.535500, -0.462000, 0.473700, -2.500000
-0.940800, -1.097600, -1.019200, 0.078400, 0.470100, 12.830000, 0.436200, -2.500000
-1.375600, -1.334800, -1.355200, -0.020400, 0.431000, 0.000000, 0.398700, -2.500000
-0.953600, -1.133000, -1.043300, 0.089700, 0.352600, -26.122000, 0.361200, -2.500000
-1.028400, -1.153600, -1.091000, 0.062600, 0.156700, -26.122000, 0.173700, -2.500000
-0.951800, -0.954000, -0.952900, 0.001100, 0.143600, 26.122000, 0.136200, -2.500000
2.249000, 2.419200, 2.334100, -0.085100, 0.000000, -26.122000, 0.057700, 2.750000
1.055400, 1.109200, 1.082300, -0.026900, 0.143600, 0.000000, 0.098900, 2.750000
1.696400, 1.679400, 1.687900, 0.008500, 0.169700, 12.830000, 0.140200, 2.750000
1.801000, 1.791000, 1.796000, 0.005000, 0.195900, 26.122000, 0.181500, 2.750000
0.996800, 1.128600, 1.062700, -0.065900, 0.222000, 26.584000, 0.222700, 2.750000
0.686400, 0.649400, 0.667900, 0.018500, 0.287300, 26.584000, 0.264000, 2.750000
1.289400, 1.394800, 1.342100, -0.052700, 0.326500, 26.122000, 0.305200, 2.750000
1.740200, 1.989600, 1.864900, -0.124700, 0.417900, 25.660000, 0.346400, 2.750000
0.511600, 0.372200, 0.441900, 0.069700, 0.431000, 13.292000, 0.387700, 2.750000
1.604000, 1.804000, 1.704000, -0.100000, 0.417900, 0.000000, 0.428900, 2.750000
1.289400, 1.102600, 1.196000, 0.093400, 0.522400, 12.830000, 0.470200, 2.750000
2.367600, 2.332600, 2.350100, 0.017500, 0.535500, 25.660000, 0.511400, 2.750000
2.840800, 3.019600, 2.930200, -0.089400, 0.613800, 25.661000, 0.635200, 2.750000
2.898000, 2.502800, 2.700400, 0.197600, 0.600800, -26.584000, 0.676500, 2.750000
2.330600, 2.114800, 2.222700, 0.107900, 0.705200, -26.584000, 0.717700, 2.750000
2.193800, 2.149800, 2.171800, 0.022000, 0.757500, 12.830000, 0.759000, 2.750000
2.342400, 2.571800, 2.457100, -0.114700, 0.809700, 25.661000, 0.800200, 2.750000
2.312800, 2.424600, 2.368700, -0.055900, 0.822800, -13.292000, 0.841500, 2.750000
2.655400, 2.564600, 2.610000, 0.045400, 0.875000, 0.000000, 0.965200, 2.750000
3.068800, 3.221000, 3.144900, -0.076100, 0.992600, -0.923000, 1.006500, 2.750000
1.853800, 2.147600, 2.000700, -0.146900, 1.031800, -0.462000, 1.047700, 2.750000
3.222200, 2.801000, 3.011600, 0.210600, 1.227700, -1.384000, 1.171500, 2.750000
1.931600, 1.987600, 1.959600, -0.028000, 1.175400, 26.122000, 1.212700, 2.750000
1.564000, 1.413600, 1.488800, 0.075200, 1.266900, 26.122000, 1.253900, 2.750000
2.032400, 1.982800, 2.007600, 0.024800, 1.332200, -0.462000, 1.295200, 2.750000
0.146000, 0.266000, 0.206000, -0.060000, 1.293000, -13.754000, 1.218200, -2.750000
0.589000, 0.517400, 0.553200, 0.035800, 1.214600, -27.045000, 1.177000, -2.750000
0.024200, -0.187800, -0.081800, 0.106000, 1.188500, 25.660000, 1.135700, -2.750000
-0.405000, -0.648200, -0.526600, 0.121600, 1.149300, -0.462000, 1.094500, -2.750000
-0.588600, -0.759000, -0.673800, 0.085200, 1.057900, -26.584000, 1.012000, -2.750000
-0.899200, -0.710600, -0.804900, -0.094300, 1.018700, -13.292000, 0.970700, -2.750000
0.609200, 0.464400, 0.536800, 0.072400, 0.822800, 0.000000, 0.929500, -2.750000
-0.766600, -0.913000, -0.839800, 0.073200, 0.927300, 12.830000, 0.888200, -2.750000
-0.340600, -0.672000, -0.506300, 0.165700, 0.848900, 12.830000, 0.847000, -2.750000
-0.519800, -0.485600, -0.502700, -0.017100, 0.848900, 25.661000, 0.805700, -2.750000
-0.783600, -0.683000, -0.733300, -0.050300, 0.770600, -13.292000, 0.764500, -2.750000
0.378400, 0.109600, 0.244000, 0.134400, 0.744400, 12.369000, 0.723200, -2.750000
-1.151000, -1.410600, -1.280800, 0.129800, 0.705200, 0.000000, 0.682000, -2.750000
-0.869000, -1.035600, -0.952300, 0.083300, 0.653000, -26.122000, 0.640700, -2.750000
-1.009800, -1.187000, -1.098400, 0.088600, 0.613800, 26.122000, 0.599400, -2.750000
-0.316600, -0.598400, -0.457500, 0.140900, 0.509300, -13.292000, 0.516900, -2.750000
-0.888400, -0.940200, -0.914300, 0.025900, 0.496300, -13.292000, 0.475700, -2.750000
-1.024400, -1.271600, -1.148000, 0.123600, 0.417900, -26.122000, 0.434400, -2.750000
-0.417800, -0.684400, -0.551100, 0.133300, 0.339500, -26.584000, 0.310700, -2.750000
-1.170000, -1.196600, -1.183300, 0.013300, 0.313400, -13.292000, 0.269500, -2.750000
-0.679000, -0.689200, -0.684100, 0.005100, 0.195900, 26.122000, 0.228200, -2.750000
-1.201600, -1.314800, -1.258200, 0.056600, 0.182800, 0.000000, 0.187000, -2.750000
-0.619800, -0.698200, -0.659000, 0.039200, 0.156700, 12.830000, 0.145700, -2.750000
0.826600, 0.964600, 0.895600, -0.069000, 0.065300, -25.660000, 0.085500, 3.000000
1.654600, 1.674800, 1.664700, -0.010100, 0.208900, 0.000000, 0.220400, 3.000000
1.286400, 1.521000, 1.403700, -0.117300, 0.339500, 12.830000, 0.265400, 3.000000
2.014800, 2.060000, 2.037400, -0.022600, 0.365700, -0.462000, 0.310500, 3.000000
2.086800, 1.935000, 2.010900, 0.075900, 0.339500, 26.122000, 0.355500, 3.000000
2.929200, 2.913000, 2.921100, 0.008100, 0.378700, -0.462000, 0.400500, 3.000000
2.172600, 2.042800, 2.107700, 0.064900, 0.404800, -26.122000, 0.445500, 3.000000
2.403000, 2.144800, 2.273900, 0.129100, 0.613800, -14.215000, 0.490500, 3.000000
1.428600, 1.328400, 1.378500, 0.050100, 0.509300, -12.830000, 0.535500, 3.000000
2.658000, 2.480400, 2.569200, 0.088800, 0.483200, 26.122000, 0.580500, 3.000000
2.827400, 2.589200, 2.708300, 0.119100, 0.666100, -0.923000, 0.625500, 3.000000
1.321000, 1.562400, 1.441700, -0.120700, 0.718300, 12.830000, 0.670500, 3.000000
2.007200, 2.638200, 2.322700, -0.315500, 0.626900, -26.122000, 0.715500, 3.000000
1.742000, 1.334800, 1.538400, 0.203600, 0.809700, -0.462000, 0.760500, 3.000000
2.675200, 2.915600, 2.795400, -0.120200, 0.927300, -1.384000, 0.805500, 3.000000
1.333000, 1.685400, 1.509200, -0.176200, 0.835900, 0.000000, 0.850500, 3.000000
2.021200, 2.072000, 2.046600, -0.025400, 0.966500, -13.753000, 0.895500, 3.000000
2.011200, 1.943000, 1.977100, 0.034100, 0.953400, 12.830000, 0.940500, 3.000000
2.313400, 2.684200, 2.498800, -0.185400, 1.097100, -14.215000, 0.985500, 3.000000
2.211000, 2.571000, 2.391000, -0.180000, 0.979500, 12.830000, 1.030500, 3.000000
1.205200, 1.227400, 1.216300, -0.011100, 1.162400, -0.462000, 1.075500, 3.000000
2.686800, 2.886200, 2.786500, -0.099700, 1.175400, 25.199000, 1.120500, 3.000000
3.142600, 2.673800, 2.908200, 0.234400, 1.175400, -27.045000, 1.165500, 3.000000
0.629400, 0.513800, 0.571600, 0.057800, 1.253800, 13.292000, 1.210500, 3.000000
3.233800, 2.437200, 2.835500, 0.398300, 1.266900, 11.907000, 1.255500, 3.000000
-2.107400, -2.362800, -2.235100, 0.127700, 1.515000, 26.584000, 1.300500, 3.000000
2.081800, 1.439200, 1.760500, 0.321300, 1.397500, -26.584000, 1.345500, 3.000000
3.226800, 2.978600, 3.102700, 0.124100, 1.358300, 11.907000, 1.363500, -3.000000
1.395200, 1.059200, 1.227200, 0.168000, 1.358300, 25.661000, 1.318500, -3.000000
0.593000, 0.270000, 0.431500, 0.161500, 1.384400, -0.923000, 1.273500, -3.000000
-0.296800, -0.545200, -0.421000, 0.124200, 1.345200, -13.753000, 1.228500, -3.000000
1.612400, 1.825200, 1.718800, -0.106400, 1.253800, -1.384000, 1.183500, -3.000000
1.194000, 0.862600, 1.028300, 0.165700, 1.097100, 25.661000, 1.138500, -3.000000
0.164400, 0.326000, 0.245200, -0.080800, 1.293000, 24.738000, 1.093500, -3.000000
-2.006000, -1.109800, -1.557900, -0.448100, 1.227700, -13.753000, 1.048500, -3.000000
-0.303800, -0.661000, -0.482400, 0.178600, 1.018700, -13.292000, 1.003500, -3.000000
-2.653200, -2.237200, -2.445200, -0.208000, 1.279900, -27.045000, 0.958500, -3.000000
-0.282800, -0.500600, -0.391700, 0.108900, 0.914200, -13.292000, 0.913500, -3.000000
1.241800, 1.318400, 1.280100, -0.038300, 0.796700, 12.830000, 0.868500, -3.000000
0.157400, 0.699400, 0.428400, -0.271000, 0.862000, 25.660000, 0.823500, -3.000000
0.743800, 0.961000, 0.852400, -0.108600, 0.705200, 12.830000, 0.778500, -3.000000
1.232600, 1.070600, 1.151600, 0.081000, 0.666100, 25.661000, 0.733500, -3.000000
0.532200, 0.295600, 0.413900, 0.118300, 0.666100, 25.661000, 0.688500, -3.000000
-2.024800, -2.070800, -2.047800, 0.023000, 0.705200, 13.292000, 0.643500, -3.000000
-0.528000, -0.556000, -0.542000, 0.014000, 0.600800, 26.122000, 0.598500, -3.000000
-0.540000, -0.665600, -0.602800, 0.062800, 0.574600, 12.830000, 0.553500, -3.000000
-0.837000, -0.764000, -0.800500, -0.036500, 0.548500, -26.584000, 0.508500, -3.000000
-1.344600, -1.410600, -1.377600, 0.033000, 0.470100, 26.122000, 0.463500, -3.000000
-0.561200, -0.631400, -0.596300, 0.035100, 0.339500, 12.830000, 0.328500, -3.000000
-1.403600, -1.630200, -1.516900, 0.113300, 0.274200, 26.584000, 0.283400, -3.000000
-0.862400, -1.085000, -0.973700, 0.111300, 0.248100, 26.122000, 0.238400, -3.000000
-1.110400, -1.260600, -1.185500, 0.075100, 0.195900, 0.000000, 0.193400, -3.000000
-0.941400, -1.243800, -1.092600, 0.151200, 0.130600, 0.000000, 0.148500, -3.000000
2.090000, 1.851000, 1.970500, 0.119500, 0.195900, -27.045000, 0.074700, 3.250000
1.344200, 1.120600, 1.232400, 0.111800, 0.143600, -26.122000, 0.123500, 3.250000
1.735400, 1.686600, 1.711000, 0.024400, 0.195900, 26.122000, 0.172200, 3.250000
2.492000, 2.532800, 2.512400, -0.020400, 0.235000, -26.122000, 0.318500, 3.250000
1.229000, 1.216400, 1.222700, 0.006300, 0.391800, 26.122000, 0.367200, 3.250000
2.138200, 2.045600, 2.091900, 0.046300, 0.365700, 13.292000, 0.416000, 3.250000
2.577400, 2.309600, 2.443500, 0.133900, 0.470100, -0.462000, 0.464700, 3.250000
0.955200, 0.919200, 0.937200, 0.018000, 0.692200, 12.369000, 0.513500, 3.250000
1.840400, 2.018800, 1.929600, -0.089200, 0.561600, -13.292000, 0.562200, 3.250000
1.067200, 0.981400, 1.024300, 0.042900, 0.679100, 26.122000, 0.611000, 3.250000
1.109800, 1.351000, 1.230400, -0.120600, 0.731400, -0.462000, 0.659700, 3.250000
1.643400, 1.853400, 1.748400, -0.105000, 0.848900, -0.462000, 0.806000, 3.250000
1.907600, 1.960000, 1.933800, -0.026200, 0.783600, 13.292000, 0.854700, 3.250000
2.372000, 2.457800, 2.414900, -0.042900, 0.901200, -26.584000, 0.903500, 3.250000
2.632200, 3.127000, 2.879600, -0.247400, 1.031800, 11.908000, 0.952200, 3.250000
0.721400, 1.358000, 1.039700, -0.318300, 1.044800, 26.122000, 1.001000, 3.250000
2.805800, 2.678000, 2.741900, 0.063900, 1.149300, 25.661000, 1.147200, 3.250000
2.190600, 1.596200, 1.893400, 0.297200, 1.227700, 12.830000, 1.195900, 3.250000
1.834400, 1.801400, 1.817900, 0.016500, 1.345200, 12.369000, 1.244700, 3.250000
1.926200, 1.961000, 1.943600, -0.017400, 1.462800, -27.506000, 1.293400, 3.250000
2.459200, 2.247600, 2.353400, 0.105800, 1.306100, -13.292000, 1.342200, 3.250000
3.028400, 2.853000, 2.940700, 0.087700, 1.319100, -13.292000, 1.390900, 3.250000
1.660600, 1.613400, 1.637000, 0.023600, 1.397500, 12.830000, 1.426700, -3.250000
1.236800, 1.274600, 1.255700, -0.018900, 1.462800, -0.923000, 1.377900, -3.250000
0.240600, 0.163400, 0.202000, 0.038600, 1.397500, -0.462000, 1.329200, -3.250000
0.485800, 0.442600, 0.464200, 0.021600, 1.266900, -0.462000, 1.280400, -3.250000
0.336000, 0.030200, 0.183100, 0.152900, 1.201600, 12.830000, 1.231700, -3.250000
-1.799200, -1.290400, -1.544800, -0.254400, 1.345200, 25.661000, 1.182900, -3.250000
0.348200, 0.119400, 0.233800, 0.114400, 1.136300, -26.584000, 1.134200, -3.250000
-0.231400, -0.510000, -0.370700, 0.139300, 1.110100, -26.584000, 1.085400, -3.250000
-0.740000, -0.419400, -0.579700, -0.160300, 1.110100, -13.292000, 1.036700, -3.250000
-0.225800, 0.166200, -0.029800, -0.196000, 0.979500, 26.122000, 0.988000, -3.250000
0.285400, -0.120800, 0.082300, 0.203100, 0.848900, 26.584000, 0.939200, -3.250000
-1.101600, -1.124800, -1.113200, 0.011600, 0.953400, 12.830000, 0.890500, -3.250000
-1.008200, -1.010600, -1.009400, 0.001200, 0.901200, -13.292000, 0.841700, -3.250000
-0.140400, -0.467000, -0.303700, 0.163300, 0.718300, -13.753000, 0.695500, -3.250000
-0.365600, -0.168400, -0.267000, -0.098600, 0.666100, 25.661000, 0.646700, -3.250000
0.474000, 0.447800, 0.460900, 0.013100, 0.626900, -0.923000, 0.598000, -3.250000
-0.766600, -0.729600, -0.748100, -0.018500, 0.496300, 13.292000, 0.549200, -3.250000
-0.260200, -0.666200, -0.463200, 0.203000, 0.522400, -26.584000, 0.500500, -3.250000
-1.081400, -1.403000, -1.242200, 0.160800, 0.444000, 13.292000, 0.451700, -3.250000
-0.605800, -0.635600, -0.620700, 0.014900, 0.378700, 26.122000, 0.403000, -3.250000
0.326800, 0.028600, 0.177700, 0.149100, 0.313400, -26.584000, 0.354200, -3.250000
-1.098000, -1.259400, -1.178700, 0.080700, 0.365700, -26.584000, 0.305500, -3.250000
-1.278800, -1.386600, -1.332700, 0.053900, 0.261200, 26.122000, 0.256700, -3.250000
-1.206600, -1.303000, -1.254800, 0.048200, 0.222000, -13.292000, 0.208000, -3.250000
-0.766200, -0.782800, -0.774500, 0.008300, 0.156700, -13.292000, 0.159200, -3.250000
1.747200, 2.036400, 1.891800, -0.144600, 0.065300, -26.122000, 0.092700, 3.500000
1.555800, 1.850000, 1.702900, -0.147100, 0.039100, -25.660000, 0.145200, 3.500000
1.417200, 1.450400, 1.433800, -0.016600, 0.169700, 13.292000, 0.197700, 3.500000
2.297400, 2.285600, 2.291500, 0.005900, 0.235000, 26.122000, 0.250200, 3.500000
2.228400, 2.405200, 2.316800, -0.088400, 0.352600, 25.660000, 0.302700, 3.500000
0.887600, 0.900800, 0.894200, -0.006600, 0.378700, 13.292000, 0.355200, 3.500000
-1.077400, -1.131000, -1.104200, 0.026800, 0.496300, -12.369000, 0.407700, 3.500000
0.998600, 1.094400, 1.046500, -0.047900, 0.470100, 0.000000, 0.460200, 3.500000
3.231600, 3.196400, 3.214000, 0.017600, 0.483200, 12.369000, 0.512700, 3.500000
1.114200, 1.291400, 1.202800, -0.088600, 0.718300, 12.369000, 0.565200, 3.500000
1.079400, 1.490800, 1.285100, -0.205700, 0.666100, -26.584000, 0.617700, 3.500000
0.714000, 0.944000, 0.829000, -0.115000, 0.848900, 12.369000, 0.670200, 3.500000
1.161800, 1.028000, 1.094900, 0.066900, 0.862000, -27.045000, 0.722700, 3.500000
-0.312800, 0.044800, -0.134000, -0.178800, 1.044800, 25.199000, 0.775200, 3.500000
1.737800, 1.762600, 1.750200, -0.012400, 0.940300, -13.292000, 0.932700, 3.500000
2.256600, 2.093400, 2.175000, 0.081600, 1.123200, -27.506000, 0.985200, 3.500000
1.802400, 2.401600, 2.102000, -0.299600, 1.084000, 25.661000, 1.037700, 3.500000
2.444000, 2.335200, 2.389600, 0.054400, 1.149300, 12.369000, 1.090200, 3.500000
1.860600, 1.245800, 1.553200, 0.307400, 1.253800, 12.369000, 1.142700, 3.500000
0.990600, 1.180800, 1.085700, -0.095100, 1.384400, 25.199000, 1.195200, 3.500000
2.377400, 2.369800, 2.373600, 0.003800, 1.423600, -14.676000, 1.247700, 3.500000
1.704600, 1.635000, 1.669800, 0.034800, 1.306100, 12.830000, 1.300200, 3.500000
1.612800, 1.869800, 1.741300, -0.128500, 1.462800, -0.923000, 1.352700, 3.500000
1.355400, 1.554400, 1.454900, -0.099500, 1.567300, -14.215000, 1.405200, 3.500000
3.224600, 2.923600, 3.074100, 0.150500, 1.528100, -1.384000, 1.457700, 3.500000
1.825400, 2.103000, 1.964200, -0.138800, 1.462800, 25.661000, 1.464700, -3.500000
1.655600, 1.468800, 1.562200, 0.093400, 1.384400, 26.122000, 1.412200, -3.500000
-0.677600, -0.586200, -0.631900, -0.045700, 1.410500, -0.923000, 1.254700, -3.500000
-0.714600, -0.770800, -0.742700, 0.028100, 1.253800, -13.292000, 1.202200, -3.500000
-0.152200, -0.351800, -0.252000, 0.099800, 1.201600, -0.462000, 1.149700, -3.500000
-0.593000, -1.496800, -1.044900, 0.451900, 1.110100, -26.122000, 1.097200, -3.500000
-1.320600, -1.515600, -1.418100, 0.097500, 1.162400, -0.462000, 1.044700, -3.500000
0.029800, 0.943200, 0.486500, -0.456700, 1.084000, -14.215000, 0.992200, -3.500000
1.609000, 1.205600, 1.407300, 0.201700, 0.901200, 12.369000, 0.939700, -3.500000
0.053800, -0.572200, -0.259200, 0.313000, 0.901200, -13.292000, 0.887200, -3.500000
-0.810200, -1.439000, -1.124600, 0.314400, 0.927300, -26.584000, 0.834700, -3.500000
-0.045200, -0.686400, -0.365800, 0.320600, 0.796700, -13.292000, 0.782200, -3.500000
0.628600, 0.218000, 0.423300, 0.205300, 0.796700, -27.045000, 0.729700, -3.500000
-0.353200, -0.598200, -0.475700, 0.122500, 0.731400, -13.292000, 0.677200, -3.500000
-1.679200, -1.556400, -1.617800, -0.061400, 0.744400, -13.753000, 0.624700, -3.500000
-1.183200, -1.435200, -1.309200, 0.126000, 0.600800, 13.292000, 0.572200, -3.500000
-0.936000, -1.226400, -1.081200, 0.145200, 0.522400, 0.000000, 0.519700, -3.500000
-0.456400, -0.300600, -0.378500, -0.077900, 0.391800, -26.122000, 0.467200, -3.500000
-0.791400, -0.909000, -0.850200, 0.058800, 0.313400, 12.830000, 0.309700, -3.500000
-0.873400, -0.912200, -0.892800, 0.019400, 0.274200, 12.830000, 0.257200, -3.500000
-1.038800, -1.177200, -1.108000, 0.069200, 0.222000, 12.830000, 0.204700, -3.500000
-1.031600, -1.288600, -1.160100, 0.128500, 0.130600, 0.000000, 0.152200, -3.500000
2.884800, 2.881000, 2.882900, 0.001900, 0.130600, 12.369000, 0.114300, 3.750000
2.074600, 2.038400, 2.056500, 0.018100, 0.169700, -26.584000, 0.170600, 3.750000
2.543400, 2.527800, 2.535600, 0.007800, 0.248100, 25.660000, 0.226800, 3.750000
2.733800, 2.615200, 2.674500, 0.059300, 0.235000, 12.830000, 0.283100, 3.750000
0.447000, 0.366800, 0.406900, 0.040100, 0.496300, -12.830000, 0.451800, 3.750000
1.776400, 1.707200, 1.741800, 0.034600, 0.509300, 26.122000, 0.508100, 3.750000
1.888000, 1.904200, 1.896100, -0.008100, 0.509300, 13.292000, 0.564300, 3.750000
3.101400, 3.224600, 3.163000, -0.061600, 0.600800, -0.923000, 0.620600, 3.750000
-0.323600, -0.124400, -0.224000, -0.099600, 0.744400, 0.462000, 0.676800, 3.750000
1.680400, 1.777600, 1.729000, -0.048600, 0.731400, 0.000000, 0.733100, 3.750000
1.642400, 1.614000, 1.628200, 0.014200, 0.809700, 0.000000, 0.789300, 3.750000
1.721400, 1.834600, 1.778000, -0.056600, 0.914200, 25.661000, 0.845600, 3.750000
1.145200, 1.045200, 1.095200, 0.050000, 1.005700, 25.661000, 0.901800, 3.750000
2.097000, 2.144600, 2.120800, -0.023800, 1.136300, 24.738000, 0.958100, 3.750000
3.203400, 2.886200, 3.044800, 0.158600, 0.901200, 13.292000, 1.014300, 3.750000
2.988800, 3.249200, 3.119000, -0.130200, 1.044800, -0.923000, 1.070600, 3.750000
0.941800, 0.959800, 0.950800, -0.009000, 1.293000, 25.199000, 1.126800, 3.750000
3.215200, 2.303000, 2.759100, 0.456100, 1.293000, -14.675000, 1.183100, 3.750000
1.845400, 1.739200, 1.792300, 0.053100, 1.136300, 26.584000, 1.239300, 3.750000
1.988600, 0.869200, 1.428900, 0.559700, 1.384400, -0.923000, 1.295600, 3.750000
1.936400, 3.223400, 2.579900, -0.643500, 1.293000, 12.369000, 1.351800, 3.750000
2.345000, 2.765000, 2.555000, -0.210000, 1.488900, -26.122000, 1.520600, 3.750000
2.969600, 2.750800, 2.860200, 0.109400, 1.528100, -14.214000, 1.501800, -3.750000
1.330800, 1.360600, 1.345700, -0.014900, 1.475900, 12.830000, 1.445600, -3.750000
1.927400, 1.539400, 1.733400, 0.194000, 1.502000, -1.384000, 1.389300, -3.750000
-0.471000, -0.561000, -0.516000, 0.045000, 1.436700, 12.369000, 1.333100, -3.750000
-1.087800, -0.773600, -0.930700, -0.157100, 1.371400, 25.661000, 1.276800, -3.750000
-0.733600, -0.302400, -0.518000, -0.215600, 1.266900, -26.584000, 1.220600, -3.750000
-0.485800, -0.473400, -0.479600, -0.006200, 1.110100, -12.830000, 1.164300, -3.750000
0.194400, 0.333000, 0.263700, -0.069300, 1.084000, -26.584000, 1.108100, -3.750000
0.222800, 0.058400, 0.140600, 0.082200, 0.953400, 13.292000, 1.051800, -3.750000
0.424800, 0.310600, 0.367700, 0.057100, 1.018700, 25.660000, 0.995600, -3.750000
-1.334800, -1.461600, -1.398200, 0.063400, 0.992600, -13.292000, 0.939300, -3.750000
-0.599800, -0.610400, -0.605100, 0.005300, 0.979500, -13.753000, 0.883100, -3.750000
0.678200, 0.684200, 0.681200, -0.003000, 0.848900, 12.369000, 0.826800, -3.750000
-1.140000, -1.377600, -1.258800, 0.118800, 0.888100, -13.753000, 0.770600, -3.750000
-0.622000, -0.449400, -0.535700, -0.086300, 0.718300, -13.292000, 0.714300, -3.750000
0.289400, 0.232200, 0.260800, 0.028600, 0.718300, -27.045000, 0.658100, -3.750000
-0.413400, -0.648400, -0.530900, 0.117500, 0.574600, 0.000000, 0.601800, -3.750000
-1.707000, -1.639800, -1.673400, -0.033600, 0.639900, 26.122000, 0.545600, -3.750000
-1.069200, -1.253600, -1.161400, 0.092200, 0.391800, -13.292000, 0.376800, -3.750000
-1.076600, -1.191800, -1.134200, 0.057600, 0.365700, -26.584000, 0.320600, -3.750000
-2.054200, -2.102200, -2.078200, 0.024000, 0.313400, 0.000000, 0.264300, -3.750000
2.125800, 2.133800, 2.129800, -0.004000, 0.261200, -13.753000, 0.204000, 4.000000
1.212200, 1.515400, 1.363800, -0.151600, 0.378700, -13.753000, 0.264000, 4.000000
2.312600, 2.270600, 2.291600, 0.021000, 0.313400, 12.830000, 0.324000, 4.000000
1.759600, 1.749400, 1.754500, 0.005100, 0.417900, 12.830000, 0.384000, 4.000000
1.856400, 1.981200, 1.918800, -0.062400, 0.522400, -13.753000, 0.444000, 4.000000
1.184400, 1.045000, 1.114700, 0.069700, 0.561600, 0.000000, 0.504000, 4.000000
1.867800, 1.870800, 1.869300, -0.001500, 0.548500, 26.122000, 0.563900, 4.000000
2.043200, 2.134600, 2.088900, -0.045700, 0.679100, -13.753000, 0.623900, 4.000000
1.615000, 1.792200, 1.703600, -0.088600, 0.626900, -12.830000, 0.683900, 4.000000
1.861800, 1.859200, 1.860500, 0.001300, 0.796700, -26.584000, 0.743900, 4.000000
1.604400, 2.133000, 1.868700, -0.264300, 0.848900, -0.462000, 0.803900, 4.000000
0.901600, 0.345000, 0.623300, 0.278300, 0.992600, -0.462000, 0.863900, 4.000000
2.807600, 2.917800, 2.862700, -0.055100, 0.848900, 26.122000, 0.923900, 4.000000
0.769000, 1.028200, 0.898600, -0.129600, 1.005700, -12.830000, 0.983900, 4.000000
2.089200, 2.299000, 2.194100, -0.104900, 1.136300, -27.045000, 1.043900, 4.000000
1.763400, 1.618600, 1.691000, 0.072400, 1.005700, -12.369000, 1.103900, 4.000000
2.658000, 2.445000, 2.551500, 0.106500, 1.201600, -13.754000, 1.163900, 4.000000
3.222200, 2.811800, 3.017000, 0.205200, 1.475900, -14.676000, 1.343900, 4.000000
1.563000, 1.085400, 1.324200, 0.238800, 1.593400, 25.199000, 1.403900, 4.000000
1.999400, 1.456600, 1.728000, 0.271400, 1.619500, -0.923000, 1.463900, 4.000000
1.646200, 0.904600, 1.275400, 0.370800, 1.567300, -0.462000, 1.535900, -4.000000
2.234400, 1.423400, 1.828900, 0.405500, 1.554200, -27.506000, 1.475900, -4.000000
1.963400, 1.084200, 1.523800, 0.439600, 1.423600, 25.660000, 1.415900, -4.000000
0.807600, -0.136600, 0.335500, 0.472100, 1.358300, -13.292000, 1.355900, -4.000000
1.714400, 0.703800, 1.209100, 0.505300, 1.149300, -26.122000, 1.295900, -4.000000
1.490000, 0.412800, 0.951400, 0.538600, 1.253800, 25.661000, 1.235900, -4.000000
1.226800, 0.088000, 0.657400, 0.569400, 1.345200, 11.908000, 1.175900, -4.000000
1.900400, 0.689200, 1.294800, 0.605600, 1.162400, -27.045000, 1.115900, -4.000000
0.418400, -0.862200, -0.221900, 0.640300, 1.149300, -26.584000, 1.055900, -4.000000
0.636400, -0.648000, -0.005800, 0.642200, 1.084000, -0.462000, 0.995900, -4.000000
1.398200, 0.230600, 0.814400, 0.583800, 1.071000, -14.215000, 0.935900, -4.000000
2.841400, 1.678600, 2.260000, 0.581400, 0.548500, 26.584000, 0.755900, -4.000000
1.304200, 0.129400, 0.716800, 0.587400, 0.561600, 26.584000, 0.695900, -4.000000
1.610800, 0.455000, 1.032900, 0.577900, 0.561600, 26.122000, 0.635900, -4.000000
3.020000, 1.857800, 2.438900, 0.581100, 0.522400, -13.753000, 0.575900, -4.000000
2.523200, 1.353400, 1.938300, 0.584900, 0.535500, -0.923000, 0.516000, -4.000000
0.059400, -1.109200, -0.524900, 0.584300, 0.509300, 26.122000, 0.456000, -4.000000
0.712200, -0.458600, 0.126800, 0.585400, 0.339500, 0.000000, 0.396000, -4.000000
0.948200, -0.223400, 0.362400, 0.585800, 0.300400, -12.830000, 0.336000, -4.000000
-0.314400, -1.481200, -0.897800, 0.583400, 0.326500, 0.000000, 0.276000, -4.000000
1.495200, 0.332000, 0.913600, 0.581600, 0.195900, -13.292000, 0.216000, -4.000000
-0.545200, -1.710400, -1.127800, 0.582600, 0.195900, 26.122000, 0.156000, -4.000000
