1.3584,2.05,0.0261,0,90,0
0.9408,2.0948,0.0522,-26.139,90,0
0.634,2.0818,0.0914,26.139,90,0
0.0146,1.773,0.1045,0,90,0
-0.4644,1.6766,0.1176,26.139,90,0
-1.1124,1.425,0.0914,13.258,90,0
-1.4028,1.4892,0.1045,0,90,0
-1.4166,1.7524,0.0784,0,90,0
-1.7926,2.2188,0.0653,-26.139,90,0
-1.471,2.4712,0.0522,0,90,0
-1.7268,2.1384,0.0784,0,90,0
-1.6536,2.3378,0.0784,26.139,90,0
-1.7682,2.1872,0.0653,-26.139,90,0
-1.448,2.451,0.0784,-13.258,90,0
-1.8394,2.0268,0.0653,13.258,90,0
-1.4668,2.499,0.0784,-13.258,90,0
-1.6032,2.3044,0.0653,0,90,0
-1.6668,2.3522,0.0784,26.139,90,0
-1.4934,2.3872,0.0653,26.139,90,0
-1.8288,2.1742,0.0653,-26.139,90,0
-1.483,2.3936,0.0653,26.139,90,0
-1.8134,2.1292,0.0653,-26.139,90,0
-1.3292,2.5998,0.0784,12.881,90,0
-1.4698,2.4498,0.0784,-13.258,90,0
-1.7918,2.2078,0.0653,-26.139,90,0
-1.655,2.2972,0.0784,26.139,90,0
-1.3412,2.5448,0.0784,12.881,90,0
-1.6124,2.26,0.0784,26.139,90,0
-1.4894,2.4584,0.0653,26.139,90,0
-1.6376,2.338,0.0653,0,90,0
-1.6642,2.372,0.0784,26.139,90,0
-1.4718,2.4514,0.0784,-13.258,90,0
-2.0008,1.8518,0.0784,13.258,90,0
-1.3322,2.5168,0.0653,-13.258,90,0
-1.4792,2.3498,0.0784,-13.258,90,0
-1.6936,2.3162,0.1045,12.881,90,0
-1.643,2.2826,0.0653,0,90,0
-1.6328,2.2932,0.1045,12.881,90,0
-1.6606,2.3042,0.0653,0,90,0
-1.8166,2.2282,0.0784,0,90,0
-1.689,2.3662,0.0784,26.139,90,0
-1.6904,2.3798,0.0784,26.139,90,0
-1.809,2.1778,0.0784,0,90,0
-1.3532,2.5426,0.0784,12.881,90,0
-1.351,2.5698,0.0392,0,90,0
-1.5758,2.2498,0.0653,0,90,0
-1.3938,2.3866,0.0784,-13.258,90,0
-1.6708,2.1856,0.0522,13.258,90,0
-2.0224,1.9564,0.0653,-12.881,90,0
-1.6374,2.3634,0.0914,-13.258,90,0
-1.9638,2.0616,0.0653,13.258,90,0
-1.8338,2.2016,0.0522,13.258,90,0
-1.9402,2.041,0.0784,-26.139,90,0
-1.6562,2.3374,0.0522,-26.139,90,0
-1.604,2.3218,0.0784,26.139,90,0
-1.7076,2.1722,0.0784,0,90,0
-1.7452,1.9624,0.0653,13.258,90,0
-1.0996,2.4526,0.0784,12.881,90,0
-1.3712,2.2216,0.0784,26.139,90,0
-1.402,2.2728,0.0653,0,90,0
-1.4286,2.3326,0.0522,-26.139,90,0
-1.305,2.453,0.0522,0,90,0
-1.3406,2.238,0.0784,26.139,90,0
-1.4974,2.1328,0.0784,0,90,0
-1.2888,2.2438,0.0653,0,90,0
-1.5114,1.9188,0.0653,13.258,90,0
-1.1976,2.1514,0.0784,26.139,90,0
-1.2188,2.1828,0.0914,-13.258,90,0
-1.2546,2.1982,0.0653,0,90,0
-1.2772,2.242,0.0784,26.139,90,0
-1.3108,2.2602,0.0914,-13.258,90,0
-1.5316,2.1744,0.0653,-26.139,90,0
-1.4406,2.3094,0.0522,-26.139,90,0
-1.6426,2.1734,0.0784,0,90,0
-1.5592,2.3278,0.0784,26.139,90,0
-1.5708,2.3284,0.0522,-26.139,90,0
-1.6766,2.1446,0.0784,0,90,0
-1.3388,2.3914,0.0784,-13.258,90,0
-1.4796,2.3208,0.0914,-13.258,90,0
-1.4882,2.3178,0.0653,0,90,0
-1.8296,2.099,0.0914,0,90,0
-1.7344,2.1936,0.0784,0,90,0
-1.6668,2.3284,0.0653,0,90,0
-1.5758,2.4984,0.0914,12.881,90,0
-1.8572,2.1904,0.0784,0,90,0
-1.7114,2.358,0.0914,-13.258,90,0
-1.8392,2.178,0.0522,13.258,90,0
-1.3952,2.5932,0.0522,26.139,90,0
-1.7124,2.3412,0.0522,-26.139,90,0
-1.708,2.3048,0.0522,-26.139,90,0
-1.7176,2.307,0.0653,0,90,0
-1.584,2.486,0.0914,12.881,90,0
-1.4982,2.441,0.0784,-13.258,90,0
-1.7108,2.1562,0.0784,0,90,0
-1.5414,2.2874,0.0784,26.139,90,0
-1.4318,2.453,0.0522,0,90,0
-1.4396,2.4682,0.0784,-13.258,90,0
-1.6208,2.3446,0.0653,0,90,0
-1.6108,2.3216,0.0784,26.139,90,0
-1.4344,2.4132,0.0784,-13.258,90,0
-1.7558,2.1896,0.0653,-26.139,90,0
-1.4928,2.2402,0.0784,26.139,90,0
-1.4972,2.2684,0.0914,-13.258,90,0
-1.6404,2.1236,0.0653,-26.139,90,0
-1.5186,2.2786,0.0784,26.139,90,0
-1.4466,2.483,0.0784,-13.258,90,0
-1.4068,2.3938,0.0914,12.881,90,0
-1.5734,2.278,0.0784,26.139,90,0
-1.7758,2.193,0.0653,-26.139,90,0
-1.4654,2.4246,0.0653,26.139,90,0
-1.46,2.4298,0.0784,-13.258,90,0
-1.3736,2.392,0.0653,26.139,90,0
-1.8282,2.0496,0.0784,-26.139,90,0
-1.6538,2.0968,0.0653,-26.139,90,0
-1.7396,2.1868,0.0914,26.139,90,0
-1.6312,2.2972,0.0653,0,90,0
-1.692,2.3442,0.0522,-26.139,90,0
-1.8474,2.1932,0.0784,0,90,0
-1.6766,2.2966,0.0914,-13.258,90,0
-1.3758,2.5344,0.0653,-13.258,90,0
-1.5992,2.2182,0.0784,26.139,90,0
-1.5874,1.9798,0.0784,0,90,0
-1.5118,1.9972,0.0653,-26.139,90,0
-1.5966,2.1302,0.0784,0,90,0
-1.4364,2.2562,0.0784,26.139,90,0
-1.838,2.1112,0.0914,0,90,0
-1.5272,2.278,0.0522,-26.139,90,0
-1.6986,2.12,0.0653,-26.139,90,0
-1.7662,2.1568,0.0914,26.139,90,0
-1.9242,2.0228,0.1045,26.139,90,0
-1.9828,2.0272,0.0653,13.258,90,0
-1.8082,2.1466,0.0653,-26.139,90,0
-1.4564,2.6416,0.0784,12.881,90,0
-1.6684,2.4434,0.0522,0,90,0
-1.8226,2.1544,0.1045,-13.258,90,0
-1.412,2.4646,0.0522,26.139,90,0
-1.7036,2.06,0.0784,0,90,0
-1.608,2.336,0.0522,-26.139,90,0
-1.5898,2.3242,0.0522,-26.139,90,0
-1.6758,2.3746,0.0914,-13.258,90,0
-1.6912,2.2888,0.0653,0,90,0
-1.8786,2.202,0.0653,-26.139,90,0
-1.7128,2.323,0.0653,0,90,0
-1.5812,2.081,0.0784,0,90,0
-1.7882,2.0506,0.0522,-12.881,90,0
-1.5114,2.3316,0.0653,0,90,0
-1.6686,2.435,0.0522,-26.139,90,0
-1.4796,2.4732,0.0914,12.881,90,0
-2.0052,2.1198,0.0653,13.258,90,0
-1.451,2.5996,0.0653,-13.258,90,0
-1.7278,2.3392,0.1045,12.881,90,0
-1.7052,2.3308,0.0784,26.139,90,0
-1.6182,2.2732,0.0784,26.139,90,0
-1.4168,2.382,0.0653,26.139,90,0
-1.3978,2.392,0.0784,-13.258,90,0
-1.4824,2.2332,0.0653,0,90,0
-1.3038,2.4082,0.0653,26.139,90,0
-1.4614,2.3062,0.0784,26.139,90,0
-1.4096,2.2482,0.0784,26.139,90,0
-1.7592,2.055,0.0784,-26.139,90,0
-1.425,2.238,0.0653,0,90,0
-1.4696,2.271,0.0784,26.139,90,0
-1.4062,2.2076,0.0784,26.139,90,0
-1.4326,2.2458,0.0522,-26.139,90,0
-1.3978,2.2558,0.0522,-26.139,90,0
-1.5212,2.1112,0.0653,-26.139,90,0
-1.4326,2.0284,0.0653,-26.139,90,0
-1.2706,2.1616,0.0784,26.139,90,0
-1.275,2.195,0.0784,26.139,90,0
-1.3268,2.2106,0.0653,0,90,0
-1.2512,2.3998,0.0784,-13.258,90,0
-1.5022,2.3558,0.1045,12.881,90,0
-1.5074,2.2886,0.0784,26.139,90,0
-1.4566,2.5038,0.0784,-13.258,90,0
-1.5802,2.3092,0.0784,26.139,90,0
-1.613,2.3564,0.0653,0,90,0
-1.704,2.1368,0.0784,0,90,0
-1.4728,2.219,0.0784,26.139,90,0
-1.6704,2.1492,0.0653,-26.139,90,0
-1.5134,2.268,0.0914,-13.258,90,0
-1.6404,2.3986,0.0653,0,90,0
-1.6484,2.3798,0.0784,26.139,90,0
-1.9736,2.0886,0.0914,0,90,0
-1.7028,2.3348,0.0653,0,90,0
-1.4716,2.6562,0.0653,-13.258,90,0
-1.9576,2.0064,0.0784,-26.139,90,0
-1.723,2.3014,0.0784,26.139,90,0
-1.9578,2.029,0.0784,-26.139,90,0
-1.8238,2.1768,0.0784,0,90,0
-1.7234,2.371,0.0914,-13.258,90,0
-1.8128,2.184,0.0522,13.258,90,0
-1.7788,2.1784,0.0653,-26.139,90,0
-1.5026,2.2374,0.0784,26.139,90,0
-1.641,2.1604,0.0522,13.258,90,0
-1.373,2.463,0.0522,0,90,0
-1.8122,2.0524,0.0784,-26.139,90,0
-1.6382,2.158,0.0784,0,90,0
-1.5844,2.1358,0.0784,0,90,0
-1.502,2.3272,0.0653,0,90,0
-1.5074,2.3316,0.0653,0,90,0
-1.4632,2.2614,0.0784,26.139,90,0
-1.428,2.238,0.0914,-13.258,90,0
-1.28,2.357,0.0914,12.881,90,0
-1.3446,2.4192,0.0784,-13.258,90,0
-1.3806,2.4292,0.0914,12.881,90,0
-1.5882,2.352,0.0784,26.139,90,0
-1.7536,2.2278,0.0914,26.139,90,0
-1.5734,2.2922,0.0653,0,90,0
-1.5052,2.4942,0.0392,-26.139,90,0
-1.4418,2.4124,0.0914,12.881,90,0
-1.6238,2.295,0.0784,26.139,90,0
-1.5524,2.2434,0.0653,0,90,0
-1.7106,2.1508,0.0784,0,90,0
-1.4182,2.4024,0.0653,26.139,90,0
-1.5206,2.299,0.0653,0,90,0
-1.7308,2.2372,0.0653,-26.139,90,0
-1.6992,2.1688,0.0653,-26.139,90,0
-1.4966,2.5234,0.0914,12.881,90,0
-1.5768,2.2976,0.0914,-13.258,90,0
-1.6844,2.1284,0.0653,-26.139,90,0
-1.7506,2.1838,0.0653,-26.139,90,0
-1.8708,1.9954,0.0522,-12.881,90,0
-1.599,2.3262,0.0784,26.139,90,0
-1.6174,2.3506,0.0522,-26.139,90,0
-1.735,2.1928,0.0914,26.139,90,0
-1.906,2.0618,0.0522,-12.881,90,0
-1.7288,2.2002,0.0784,0,90,0
-1.6156,2.3528,0.0914,-13.258,90,0
-1.521,2.5034,0.0784,-13.258,90,0
-1.5662,2.2798,0.0653,0,90,0
-1.5766,2.3596,0.0392,13.258,90,0
-1.5704,2.3488,0.0914,-13.258,90,0
-1.6908,2.1622,0.0653,-26.139,90,0
-1.5622,2.3038,0.0784,26.139,90,0
-1.6046,2.3376,0.0784,26.139,90,0
-1.6496,2.345,0.1045,12.881,90,0
-1.8006,2.1696,0.0522,13.258,90,0
-1.7384,2.4108,0.0784,26.139,90,0
-1.8612,2.2298,0.0522,13.258,90,0
-1.533,2.478,0.0653,26.139,90,0
-1.6214,2.3098,0.1176,-26.516,90,0
-1.596,2.2836,0.0914,-13.258,90,0
-1.705,2.133,0.0784,0,90,0
-1.545,2.2818,0.0784,26.139,90,0
-1.5138,2.297,0.0522,-26.139,90,0
-1.8328,2.087,0.0784,-26.139,90,0
-1.5572,2.3474,0.0522,-26.139,90,0
-1.3124,2.6194,0.0522,26.139,90,0
-1.814,2.2392,0.0914,26.139,90,0
-1.5716,2.5002,0.0914,12.881,90,0
-1.6728,2.3254,0.0653,0,90,0
-1.4588,2.4202,0.0914,12.881,90,0
-1.851,1.9846,0.0653,13.258,90,0
-1.614,2.0684,0.0392,-12.881,90,0
-1.4544,2.2654,0.0784,26.139,90,0
-1.4856,2.076,0.0784,0,90,0
-1.2008,2.3868,0.0784,-13.258,90,0
-1.3908,2.3422,0.1045,12.881,90,0
-1.2764,2.2208,0.0784,26.139,90,0
-1.3692,2.3114,0.0784,26.139,90,0
-1.4944,2.1408,0.0914,26.139,90,0
-1.3792,2.2934,0.0653,0,90,0
-1.4764,2.1174,0.0784,0,90,0
-1.1444,2.4104,0.0784,-13.258,90,0
-1.0702,2.38,0.0653,26.139,90,0
-1.3102,2.0856,0.0784,0,90,0
-1.416,1.8908,0.0784,-26.139,90,0
-1.1614,2.1374,0.0784,26.139,90,0
-1.336,2.0336,0.0653,-26.139,90,0
-1.2522,2.1914,0.0784,26.139,90,0
-1.441,2.1154,0.0653,-26.139,90,0
-1.411,2.3354,0.0784,26.139,90,0
-1.5714,2.2242,0.0784,0,90,0
-1.6196,2.2368,0.0653,-26.139,90,0
-1.3616,2.4902,0.0653,26.139,90,0
-1.51,2.3438,0.0914,-13.258,90,0
-1.4786,2.2646,0.0653,0,90,0
-1.2846,2.3842,0.0653,26.139,90,0
-1.5992,2.1672,0.0784,0,90,0
-1.3392,2.4698,0.0653,26.139,90,0
-1.6466,2.2302,0.0784,0,90,0
-1.3462,2.4396,0.0653,26.139,90,0
-1.5138,2.32,0.0653,0,90,0
-1.5312,2.3184,0.0522,-26.139,90,0
-1.5772,2.3516,0.0653,0,90,0
-1.549,2.2814,0.0653,0,90,0
-1.7706,2.1878,0.0653,-26.139,90,0
-1.6072,2.3256,0.0653,0,90,0
-1.6364,2.3842,0.0784,26.139,90,0
-1.4428,2.4704,0.0784,-13.258,90,0
-1.6034,2.3354,0.0653,0,90,0
-1.5768,2.3256,0.0653,0,90,0
-1.7866,1.9984,0.0653,13.258,90,0
-1.5396,2.3144,0.0784,26.139,90,0
-1.1712,2.5172,0.0653,-13.258,90,0
-1.6224,2.16,0.0784,0,90,0
-1.588,2.1252,0.0784,0,90,0
-1.1774,2.5954,0.0914,-26.516,90,0
-1.4574,2.3036,0.0784,26.139,90,0
-1.8658,1.8496,0.0784,13.258,90,0
-1.4298,2.2394,0.0653,0,90,0
-1.374,2.1992,0.0653,0,90,0
-1.5108,2.0852,0.0653,-26.139,90,0
-1.3788,2.2288,0.0784,26.139,90,0
-1.296,2.437,0.0653,26.139,90,0
-1.4304,2.3142,0.0653,0,90,0
-1.4756,2.3646,0.0784,26.139,90,0
-1.3958,2.2634,0.0653,0,90,0
-1.5852,2.1642,0.0784,0,90,0
-1.4846,2.2944,0.0784,26.139,90,0
-1.412,2.2174,0.0914,-13.258,90,0
-1.4194,2.2554,0.0653,0,90,0
-1.3976,2.256,0.0784,26.139,90,0
-1.4438,2.293,0.0522,-26.139,90,0
-1.4664,2.2976,0.0784,26.139,90,0
-1.6168,2.11,0.0522,13.258,90,0
-1.5112,2.2588,0.0784,26.139,90,0
-1.4788,2.191,0.0784,26.139,90,0
-1.5626,2.2838,0.0784,26.139,90,0
-1.5868,2.2954,0.0653,0,90,0
-1.5614,2.3166,0.0914,-13.258,90,0
-1.867,2.0408,0.0784,-26.139,90,0
-1.5634,2.3136,0.0784,26.139,90,0
-1.6986,2.1766,0.0914,26.139,90,0
-1.5202,2.2618,0.0784,26.139,90,0
-1.3654,2.3698,0.0784,-13.258,90,0
-1.5496,2.2896,0.0914,-13.258,90,0
-1.5506,2.2728,0.0653,0,90,0
-1.709,2.1778,0.0392,-12.881,90,0
-1.4334,2.4974,0.0914,12.881,90,0
-1.4828,2.2908,0.0653,0,90,0
-1.7218,2.2512,0.0653,-26.139,90,0
-1.7064,2.1716,0.0784,0,90,0
-1.9208,2.0508,0.0784,-26.139,90,0
-1.5302,2.4622,0.0784,-13.258,90,0
-1.8404,2.2104,0.0784,0,90,0
-1.5488,2.5018,0.0392,-26.139,90,0
-1.7938,2.2268,0.0784,0,90,0
-1.6252,2.3596,0.0784,26.139,90,0
-1.4658,2.4414,0.0784,-13.258,90,0
-1.4956,2.489,0.0653,26.139,90,0
-1.7396,2.1466,0.0784,0,90,0
-1.407,2.4048,0.0784,-13.258,90,0
-1.4072,2.201,0.0653,0,90,0
-1.3608,2.2332,0.0784,26.139,90,0
-1.403,2.3084,0.0653,0,90,0
-1.4784,2.367,0.0653,0,90,0
-1.5026,2.3328,0.0653,0,90,0
-1.8626,1.981,0.0784,-26.139,90,0
-1.5058,2.4682,0.0784,-13.258,90,0
-1.7676,2.1796,0.0653,-26.139,90,0
-1.4904,2.2278,0.0653,0,90,0
-1.3492,2.4222,0.0784,-13.258,90,0
-1.361,2.1778,0.0653,0,90,0
-1.402,2.3018,0.0784,26.139,90,0
-1.595,2.1794,0.0653,-26.139,90,0
-1.4188,2.2506,0.0914,-13.258,90,0
-1.4196,2.2314,0.0784,26.139,90,0
-1.4808,2.2752,0.0653,0,90,0
-1.409,2.267,0.0653,0,90,0
-1.3448,2.2336,0.0653,0,90,0
-0.9942,2.5224,0.0522,26.139,90,0
-1.1986,2.2034,0.0653,0,90,0
-1.3636,2.0502,0.0653,-26.139,90,0
-1.2084,2.1344,0.0784,26.139,90,0
-1.1404,2.2962,0.0784,-13.258,90,0
-1.405,1.9896,0.0784,0,90,0
-1.3616,2.2146,0.0784,26.139,90,0
-1.556,2.1544,0.0914,26.139,90,0
-1.477,2.333,0.0914,-13.258,90,0
-1.6666,2.1978,0.0914,26.139,90,0
-1.4224,2.434,0.0522,0,90,0
-1.6154,2.3298,0.0784,26.139,90,0
-1.8034,2.1786,0.0914,26.139,90,0
-1.7274,2.1002,0.0653,-26.139,90,0
-1.7928,2.2004,0.0914,26.139,90,0
-1.5924,2.2702,0.0653,0,90,0
-1.4826,2.476,0.0653,26.139,90,0
-1.7272,2.1636,0.0784,0,90,0
-1.6518,2.3408,0.0784,26.139,90,0
-1.7368,2.142,0.0653,-26.139,90,0
-1.5938,2.2996,0.0784,26.139,90,0
-1.6332,2.339,0.0914,-13.258,90,0
-1.6976,2.3192,0.0784,26.139,90,0
-1.8044,2.1916,0.0653,-26.139,90,0
-1.6712,2.2612,0.0784,26.139,90,0
-1.6592,2.346,0.0784,26.139,90,0
-1.658,2.32,0.0784,26.139,90,0
-1.8544,2.2132,0.0784,0,90,0
-1.7784,2.1114,0.0914,26.139,90,0
-1.6208,2.2168,0.0653,0,90,0
-1.7294,2.1506,0.0653,-26.139,90,0
-1.7542,1.9268,0.0914,0,90,0
-1.3042,2.3392,0.0653,26.139,90,0
-1.3514,2.3988,0.0914,12.881,90,0
-1.5352,2.3054,0.1045,12.881,90,0
-1.477,2.2234,0.0914,-13.258,90,0
-1.3394,2.3822,0.0784,-13.258,90,0
-1.506,2.2912,0.0522,-26.139,90,0
-1.6584,2.1508,0.0653,-26.139,90,0
-1.5218,2.298,0.0784,26.139,90,0
-1.3348,2.3848,0.0653,26.139,90,0
-1.6798,2.1962,0.0784,0,90,0
-1.8306,2.0214,0.0653,13.258,90,0
-1.4582,2.4364,0.0653,26.139,90,0
-1.8628,1.9694,0.0653,13.258,90,0
-1.5198,2.2042,0.0784,26.139,90,0
-1.4948,2.2172,0.0653,0,90,0
-1.4584,2.2574,0.0653,0,90,0
-1.2214,2.3524,0.0784,-13.258,90,0
-1.3876,2.2548,0.0653,0,90,0
-1.4226,2.2762,0.0784,26.139,90,0
-1.5692,2.0876,0.0653,-26.139,90,0
-1.787,1.9642,0.0784,-26.139,90,0
-1.6148,2.0544,0.0653,-26.139,90,0
-1.7962,1.9614,0.0653,13.258,90,0
-1.5454,2.266,0.0914,-13.258,90,0
-1.5136,2.242,0.0653,0,90,0
-1.8478,2.0414,0.0914,0,90,0
-1.6636,2.1168,0.0784,0,90,0
-1.7326,2.1922,0.0914,26.139,90,0
-1.5612,2.2634,0.0914,-13.258,90,0
-1.4338,2.4338,0.0784,-13.258,90,0
-1.7266,2.1712,0.0653,-26.139,90,0
-1.7124,2.1736,0.0653,-26.139,90,0
-1.4462,2.4404,0.0653,26.139,90,0
-1.4016,2.3766,0.0914,12.881,90,0
-1.7178,2.1376,0.0914,26.139,90,0
-1.7816,2.136,0.0653,-26.139,90,0
-1.5238,2.444,0.0653,26.139,90,0
-1.9016,2.0104,0.0784,-26.139,90,0
-1.5296,2.4848,0.0653,26.139,90,0
-2.1742,1.7404,0.1176,0,90,0
-1.7786,2.126,0.0522,13.258,90,0
-1.8002,2.1528,0.0784,0,90,0
-1.6604,2.2928,0.0522,-26.139,90,0
-1.6198,2.2906,0.0522,-26.139,90,0
-1.5458,2.2774,0.0653,0,90,0
-1.487,2.2704,0.0653,0,90,0
-1.4684,2.2756,0.0784,26.139,90,0
-1.605,2.1192,0.0392,-12.881,90,0
-1.4968,2.3186,0.0784,26.139,90,0
-1.7952,2.2134,0.0653,-26.139,90,0
-1.7032,2.3676,0.0914,-13.258,90,0
-1.543,2.4756,0.0653,26.139,90,0
-1.6108,2.3088,0.0653,0,90,0
-1.049,2.4352,0.0784,12.881,90,0
-1.3396,2.218,0.0653,0,90,0
-1.3316,2.209,0.0784,26.139,90,0
-1.386,2.2708,0.0784,26.139,90,0
-1.3678,2.2538,0.0784,26.139,90,0
-1.3706,2.2504,0.0914,-13.258,90,0
-1.3842,2.2674,0.0784,26.139,90,0
-1.486,2.0968,0.0653,-26.139,90,0
-1.3224,2.2314,0.0653,0,90,0
-1.254,2.4718,0.0653,26.139,90,0
-1.2816,2.2538,0.0784,26.139,90,0
-1.2774,2.2198,0.0784,26.139,90,0
-1.2994,2.2754,0.0653,0,90,0
-1.2754,2.2148,0.0653,0,90,0
-1.22,2.4202,0.0914,12.881,90,0
-1.5868,2.1776,0.0653,-26.139,90,0
-1.6348,2.1834,0.0784,0,90,0
-1.5292,2.3026,0.0784,26.139,90,0
-1.725,2.1968,0.0653,-26.139,90,0
-1.3476,2.383,0.0653,26.139,90,0
-1.3492,2.2578,0.0522,-26.139,90,0
-1.6056,2.3682,0.0784,26.139,90,0
-1.6522,2.3274,0.0914,-13.258,90,0
-1.8494,2.2238,0.0914,26.139,90,0
-1.414,2.6154,0.0784,12.881,90,0
-1.7168,2.3478,0.0784,26.139,90,0
-1.711,2.3126,0.0653,0,90,0
-1.6518,2.3188,0.0784,26.139,90,0
-2.0992,1.9254,0.0653,-12.881,90,0
-1.6498,2.2866,0.0784,26.139,90,0
-1.6664,2.307,0.0914,-13.258,90,0
-1.6428,2.3052,0.0653,0,90,0
-1.5254,2.255,0.0653,0,90,0
-1.5274,2.3252,0.0784,26.139,90,0
-1.6926,2.2236,0.1045,-13.258,90,0
-1.662,2.1846,0.0522,13.258,90,0
-1.6734,2.2042,0.0653,-26.139,90,0
-1.6642,2.163,0.0784,0,90,0
-1.4362,2.2102,0.0784,26.139,90,0
-1.2002,2.333,0.0784,-13.258,90,0
-1.3802,2.2678,0.0522,-26.139,90,0
-1.5012,2.1166,0.0653,-26.139,90,0
-1.402,2.2786,0.0914,-13.258,90,0
-1.5984,2.1474,0.0653,-26.139,90,0
-1.4902,2.2926,0.0914,-13.258,90,0
-1.613,2.1118,0.0914,26.139,90,0
-1.5794,2.3396,0.0653,0,90,0
-1.404,2.4364,0.0784,-13.258,90,0
-1.4616,2.2466,0.0653,0,90,0
-1.361,2.2114,0.0653,0,90,0
-1.2322,2.4044,0.0784,-13.258,90,0
-1.3696,2.2808,0.0653,0,90,0
-1.359,2.2586,0.0653,0,90,0
-1.5364,2.134,0.0784,0,90,0
-1.5604,2.117,0.0653,-26.139,90,0
-1.3674,2.4496,0.0653,26.139,90,0
-1.4666,2.262,0.0914,-13.258,90,0
-1.3288,2.399,0.0784,-13.258,90,0
-1.6196,2.1324,0.0653,-26.139,90,0
-1.7644,1.9678,0.0784,-26.139,90,0
-1.6444,2.13,0.0784,0,90,0
-1.6872,2.1664,0.0653,-26.139,90,0
-1.8646,2.0548,0.0784,-26.139,90,0
-1.565,2.277,0.0653,0,90,0
-1.5944,2.3246,0.0653,0,90,0
-1.3658,2.3798,0.0653,26.139,90,0
-1.5342,2.3362,0.0653,0,90,0
-1.6794,2.1912,0.0914,26.139,90,0
-1.4428,2.4618,0.0784,-13.258,90,0
-1.887,2.058,0.0653,13.258,90,0
-1.8836,2.051,0.0784,-26.139,90,0
-1.8952,2.0692,0.0522,-12.881,90,0
-1.67,2.3986,0.0784,26.139,90,0
-1.5378,2.5208,0.0653,26.139,90,0
-1.8588,2.2578,0.1045,-13.258,90,0
-1.7356,2.3606,0.0261,-12.881,90,0
-1.6792,2.3144,0.0653,0,90,0
-1.3864,2.5826,0.0653,-13.258,90,0
-1.6372,2.35,0.0914,-13.258,90,0
-1.5668,2.2934,0.0914,-13.258,90,0
-1.6088,2.3728,0.0653,0,90,0
-1.1846,2.5132,0.0784,12.881,90,0
-1.469,2.2984,0.0653,0,90,0
-1.5162,2.3448,0.0522,-26.139,90,0
-1.6484,2.1906,0.0784,0,90,0
-1.5684,2.3448,0.0784,26.139,90,0
-1.7394,2.2316,0.0653,-26.139,90,0
-1.7828,2.2496,0.0653,-26.139,90,0
-1.7258,2.1742,0.0653,-26.139,90,0
-1.383,2.3998,0.0784,-13.258,90,0
-1.6758,2.1526,0.0653,-26.139,90,0
-1.3274,2.392,0.0653,26.139,90,0
-1.42,2.238,0.0784,26.139,90,0
-1.3738,2.1972,0.0522,-26.139,90,0
-1.3642,2.2392,0.0784,26.139,90,0
-1.2322,2.4256,0.0522,0,90,0
-1.3336,2.2492,0.0653,0,90,0
-1.143,2.364,0.0914,12.881,90,0
-1.3,2.2288,0.0653,0,90,0
-1.323,2.274,0.0784,26.139,90,0
-1.4004,2.12,0.0522,13.258,90,0
-1.1244,2.4196,0.0784,-13.258,90,0
-1.2436,2.2602,0.0653,0,90,0
-1.244,2.244,0.0914,-13.258,90,0
-1.1352,2.384,0.0914,12.881,90,0
-1.6204,2.1822,0.0914,26.139,90,0
-1.5256,2.3444,0.0914,-13.258,90,0
-1.6688,2.1858,0.0784,0,90,0
-1.3848,2.4452,0.0653,26.139,90,0
-1.5446,2.332,0.0914,-13.258,90,0
-1.553,2.3312,0.0653,0,90,0
-1.3702,2.443,0.0784,-13.258,90,0
-1.7056,2.2048,0.0653,-26.139,90,0
-1.5362,2.2878,0.0914,-13.258,90,0
-1.4266,2.4614,0.0522,0,90,0
-1.6266,2.37,0.0653,0,90,0
-1.8474,2.0096,0.0653,13.258,90,0
-1.434,2.4092,0.0784,-13.258,90,0
-1.6102,2.3094,0.0522,-26.139,90,0
-1.4418,2.4214,0.0653,26.139,90,0
-1.4804,2.4382,0.0914,12.881,90,0
-1.4514,2.4372,0.0653,26.139,90,0
-1.6,2.3168,0.0914,-13.258,90,0
-1.7284,2.1744,0.0784,0,90,0
-1.4696,2.2014,0.0653,0,90,0
-1.7908,2.0274,0.0653,13.258,90,0
-1.6684,2.194,0.0653,-26.139,90,0
-1.674,2.1624,0.0784,0,90,0
-1.6846,2.1676,0.0522,13.258,90,0
-1.3926,2.4382,0.0914,12.881,90,0
-1.8164,2.0242,0.0914,0,90,0
-1.355,2.3778,0.0653,26.139,90,0
-1.1478,2.4788,0.0784,12.881,90,0
-1.2708,2.137,0.0522,-26.139,90,0
-1.281,2.2254,0.0653,0,90,0
-1.349,2.2738,0.0784,26.139,90,0
-1.4012,2.2588,0.0653,0,90,0
-1.5004,2.312,0.0653,0,90,0
-1.3604,2.4282,0.0653,26.139,90,0
-1.6406,2.1592,0.0914,26.139,90,0
-1.6814,2.1942,0.0784,0,90,0
-1.395,2.4516,0.0784,-13.258,90,0
-1.422,2.1954,0.0653,0,90,0
-1.0982,2.4738,0.0784,12.881,90,0
-1.2516,2.3692,0.0784,-13.258,90,0
-1.3612,2.214,0.0522,-26.139,90,0
-1.2058,2.4002,0.0784,-13.258,90,0
-1.2714,2.4494,0.0653,26.139,90,0
-1.5796,2.1994,0.0653,-26.139,90,0
-1.6478,2.1932,0.0784,0,90,0
-1.3736,2.4378,0.0653,26.139,90,0
-1.6638,2.1332,0.0522,13.258,90,0
-1.7066,2.1632,0.0653,-26.139,90,0
-1.3736,2.3488,0.0914,12.881,90,0
-1.5896,2.2938,0.0784,26.139,90,0
-1.6302,2.3294,0.0653,0,90,0
-1.4456,2.453,0.0784,-13.258,90,0
-1.399,2.4306,0.0653,26.139,90,0
-1.3452,2.3882,0.0784,-13.258,90,0
-1.5466,2.3112,0.0784,26.139,90,0
-1.4452,2.4588,0.0784,-13.258,90,0
-1.918,2.0662,0.0914,0,90,0
-2.0226,2.1118,0.0653,13.258,90,0
-1.54,2.4696,0.0653,26.139,90,0
-1.8636,2.2272,0.0914,26.139,90,0
-1.5346,2.4148,0.0653,26.139,90,0
-2.03,2.0998,0.0784,-26.139,90,0
-1.8962,2.2162,0.0653,-26.139,90,0
-1.717,2.3234,0.0653,0,90,0
-1.5514,2.4864,0.0914,12.881,90,0
-1.6004,2.291,0.0784,26.139,90,0
-1.3306,2.3428,0.0784,-13.258,90,0
-1.3998,2.1804,0.0392,13.258,90,0
-1.5016,2.1606,0.0653,-26.139,90,0
-1.6282,2.2458,0.0784,0,90,0
-1.6826,2.2234,0.0653,-26.139,90,0
-1.601,2.3656,0.0784,26.139,90,0
-1.6788,2.3636,0.0784,26.139,90,0
-1.669,2.3284,0.0914,-13.258,90,0
-1.8006,2.1732,0.0653,-26.139,90,0
-1.6308,2.243,0.0784,26.139,90,0
-1.526,2.17,0.0653,0,90,0
-1.1836,2.4158,0.0914,-26.516,90,0
-1.2368,2.2708,0.0784,-13.258,90,0
-1.2638,2.4246,0.0653,26.139,90,0
-1.2072,2.4076,0.0784,-13.258,90,0
-1.3936,2.2454,0.0784,26.139,90,0
-1.5286,2.1136,0.0653,-26.139,90,0
-1.202,2.405,0.0914,12.881,90,0
-1.1728,2.423,0.0653,26.139,90,0
-1.1052,2.401,0.0653,26.139,90,0
-1.18,2.1874,0.0784,26.139,90,0
-1.3072,2.178,0.0784,26.139,90,0
-1.359,2.1912,0.0784,26.139,90,0
-1.416,2.2478,0.0653,0,90,0
-1.4754,2.3142,0.0653,0,90,0
-1.3318,2.4266,0.0522,0,90,0
-1.6236,2.1434,0.0784,0,90,0
-1.6526,2.1312,0.0914,26.139,90,0
-1.5264,2.2722,0.0784,26.139,90,0
-1.5698,2.2594,0.0784,26.139,90,0
-1.6486,2.071,0.0653,-26.139,90,0
-1.5018,2.2276,0.0653,0,90,0
-1.6454,2.1488,0.0653,-26.139,90,0
-1.7724,2.1934,0.0653,-26.139,90,0
-1.557,2.2234,0.0784,26.139,90,0
-1.9144,2.0348,0.0653,13.258,90,0
-1.6428,2.2772,0.0914,-13.258,90,0
-1.6726,2.3184,0.0653,0,90,0
-1.6614,2.3212,0.0784,26.139,90,0
-1.5206,2.4722,0.0784,-13.258,90,0
-1.6924,2.3516,0.0653,0,90,0
-1.5208,2.442,0.0784,-13.258,90,0
-1.6096,2.2852,0.0653,0,90,0
-1.5132,2.2314,0.0784,26.139,90,0
-1.4074,2.4364,0.0784,-13.258,90,0
-1.5032,2.285,0.0914,-13.258,90,0
-1.5796,2.3672,0.0653,0,90,0
-1.485,2.2772,0.0784,26.139,90,0
-1.629,2.1466,0.0522,13.258,90,0
-1.3868,2.456,0.0653,26.139,90,0
-1.3094,2.3384,0.0653,26.139,90,0
-1.4922,2.2426,0.0784,26.139,90,0
-1.412,2.1684,0.0784,26.139,90,0
-1.5092,2.29,0.0522,-26.139,90,0
-1.6004,2.1022,0.0784,0,90,0
-1.6322,2.1574,0.0653,-26.139,90,0
-1.484,2.306,0.0653,0,90,0
-1.655,2.1848,0.0784,0,90,0
-1.8388,2.0386,0.0653,13.258,90,0
-1.3554,2.3564,0.0653,26.139,90,0
-1.372,2.1432,0.0653,0,90,0
-1.1896,2.3192,0.0653,26.139,90,0
-1.5058,2.1444,0.0522,13.258,90,0
-1.5044,2.1512,0.0653,-26.139,90,0
-1.6904,2.0208,0.0784,-26.139,90,0
-1.7294,2.0004,0.0784,-26.139,90,0
-1.3206,2.3674,0.0914,12.881,90,0
-1.4578,2.2002,0.0784,26.139,90,0
-1.486,2.213,0.0914,-13.258,90,0
-1.5888,2.3074,0.0653,0,90,0
-1.668,2.1102,0.0522,13.258,90,0
-1.6958,2.1572,0.0522,13.258,90,0
-1.58,2.332,0.0784,26.139,90,0
-1.4284,2.4636,0.0914,12.881,90,0
-1.5816,2.3114,0.0653,0,90,0
-1.5308,2.2344,0.0653,0,90,0
-1.5776,2.2764,0.0653,0,90,0
-1.6016,2.3574,0.0784,26.139,90,0
-1.6314,2.106,0.0784,0,90,0
-1.6898,2.2098,0.0392,-12.881,90,0
-1.6346,2.1054,0.0784,0,90,0
-1.4498,2.4458,0.0653,26.139,90,0
-1.5716,2.2572,0.0653,0,90,0
-1.6172,2.3312,0.0522,-26.139,90,0
-1.7672,2.2148,0.0784,0,90,0
-1.6448,2.4014,0.0784,26.139,90,0
-1.637,2.3768,0.0522,-26.139,90,0
-1.595,2.3084,0.1176,-26.516,90,0
-1.5838,2.282,0.0784,26.139,90,0
-1.6936,2.1488,0.0653,-26.139,90,0
-1.8556,2.0494,0.0784,-26.139,90,0
-1.3342,2.3636,0.0784,-13.258,90,0
-1.3422,2.4212,0.0784,-13.258,90,0
-1.6672,2.1884,0.0914,26.139,90,0
-1.6704,2.3174,0.0784,26.139,90,0
-1.6346,2.284,0.0784,26.139,90,0
-1.2962,2.5588,0.0784,12.881,90,0
-1.3422,2.3996,0.0653,26.139,90,0
-1.4436,2.3094,0.0653,0,90,0
-1.4924,2.1052,0.0522,13.258,90,0
-1.503,2.0898,0.0522,13.258,90,0
-1.2048,2.3772,0.0653,26.139,90,0
-1.362,2.2522,0.0653,0,90,0
-1.649,2.0396,0.0784,-26.139,90,0
-1.2508,2.2126,0.0522,-26.139,90,0
-1.2728,2.283,0.0653,0,90,0
-1.2184,2.244,0.0653,0,90,0
-1.1742,2.2012,0.0784,26.139,90,0
-1.1628,2.1448,0.0653,0,90,0
-1.0076,2.264,0.0914,12.881,90,0
-1.3238,2.0464,0.0522,13.258,90,0
-1.4,2.1156,0.0653,-26.139,90,0
-1.5952,2.0576,0.0653,13.258,90,0
-1.4812,2.1888,0.0653,-26.139,90,0
-1.4288,2.3726,0.0784,26.139,90,0
-1.714,2.0496,0.0914,0,90,0
-1.2612,2.3282,0.0522,0,90,0
-1.41,2.2656,0.0653,0,90,0
-1.6702,2.0062,0.0522,-12.881,90,0
-1.3796,2.3328,0.0784,26.139,90,0
-1.4018,2.3558,0.0784,26.139,90,0
-1.7688,2.1148,0.0914,0,90,0
-1.6402,2.1728,0.0653,-26.139,90,0
-1.5616,2.3254,0.0653,0,90,0
-1.8794,2.0544,0.1045,26.139,90,0
-1.7294,2.148,0.1045,-13.258,90,0
-1.5248,2.4644,0.0784,-13.258,90,0
-1.676,2.3438,0.0522,-26.139,90,0
-1.668,2.349,0.0392,13.258,90,0
-1.6282,2.3304,0.0653,0,90,0
-1.7694,2.2144,0.0914,26.139,90,0
-1.8322,1.9976,0.0914,0,90,0
-1.5458,2.2626,0.0653,0,90,0
-1.5286,2.3092,0.0522,-26.139,90,0
-1.5104,2.352,0.0784,26.139,90,0
-1.6068,2.1398,0.0784,0,90,0
-1.4352,2.2636,0.0914,-13.258,90,0
-1.6524,2.2088,0.0522,13.258,90,0
-1.642,2.1676,0.0653,-26.139,90,0
-1.6706,2.1592,0.0522,13.258,90,0
-1.4786,2.2118,0.0653,0,90,0
-1.414,2.2134,0.0522,-26.139,90,0
-1.7488,2.0382,0.0784,-26.139,90,0
-1.4892,2.3272,0.0653,0,90,0
-1.4478,2.3242,0.0914,-13.258,90,0
-1.6326,2.2096,0.0784,0,90,0
-1.6238,2.1676,0.0784,0,90,0
-1.3,2.3698,0.0914,12.881,90,0
-1.7966,2.0066,0.0653,13.258,90,0
-1.4692,2.2284,0.0522,-26.139,90,0
-1.3616,2.2376,0.0784,26.139,90,0
-1.5208,2.1108,0.0784,0,90,0
-1.6898,1.967,0.0522,-12.881,90,0
-1.3062,2.3926,0.0653,26.139,90,0
-1.295,2.3748,0.0653,26.139,90,0
-1.4088,2.2022,0.0653,0,90,0
-1.3256,2.4142,0.0914,12.881,90,0
-1.5614,2.0786,0.0522,13.258,90,0
-1.5536,2.1558,0.0522,13.258,90,0
-1.4416,2.3236,0.0784,26.139,90,0
-1.6318,2.1762,0.0784,0,90,0
-1.3712,2.4014,0.0784,-13.258,90,0
-1.5268,2.2374,0.0653,0,90,0
-1.6716,2.0942,0.0522,13.258,90,0
-1.5862,2.3346,0.0784,26.139,90,0
-1.5498,2.3308,0.0784,26.139,90,0
-1.5814,2.3238,0.0653,0,90,0
-1.4626,2.4964,0.0784,-13.258,90,0
-1.7678,2.1498,0.0653,-26.139,90,0
-1.656,2.319,0.0522,-26.139,90,0
-1.9784,2.0722,0.0522,-12.881,90,0
-1.6622,2.3284,0.0784,26.139,90,0
-1.8104,2.2158,0.0522,13.258,90,0
-1.4712,2.4464,0.0784,-13.258,90,0
-1.7248,2.1742,0.0914,26.139,90,0
-1.2658,2.556,0.0784,12.881,90,0
-1.6688,2.1834,0.1045,-13.258,90,0
-1.49,2.3046,0.0784,26.139,90,0
-1.6336,2.1854,0.0522,13.258,90,0
-1.33,2.4644,0.0653,26.139,90,0
-1.8,2.0478,0.0784,-26.139,90,0
-1.5938,2.368,0.0522,-26.139,90,0
-1.6224,2.3498,0.1045,12.881,90,0
-1.6816,2.3462,0.0784,26.139,90,0
-1.4612,2.4022,0.0522,0,90,0
-1.8602,2.014,0.0784,-26.139,90,0
-1.5342,2.278,0.0522,-26.139,90,0
-1.279,2.3948,0.0784,-13.258,90,0
-1.26,2.4134,0.0784,-13.258,90,0
-1.341,2.2184,0.0653,0,90,0
-1.4234,2.299,0.0522,-26.139,90,0
-1.2324,2.4054,0.0784,-13.258,90,0
-1.5026,2.151,0.0784,0,90,0
-1.4906,2.1394,0.0653,-26.139,90,0
-1.3132,2.2456,0.0784,26.139,90,0
-1.4416,2.1316,0.0653,-26.139,90,0
-1.243,2.223,0.0914,-13.258,90,0
-1.2628,2.2256,0.0522,-26.139,90,0
-1.3218,1.995,0.0653,-26.139,90,0
-1.2284,2.1894,0.0522,-26.139,90,0
-1.223,2.2052,0.0784,26.139,90,0
-1.294,2.2654,0.0653,0,90,0
-1.2122,2.4366,0.0784,-13.258,90,0
-1.3998,2.2686,0.0784,26.139,90,0
-1.5014,2.3172,0.0784,26.139,90,0
-1.533,2.272,0.0784,26.139,90,0
-1.6052,2.3592,0.0653,0,90,0
-1.3756,2.3722,0.0653,26.139,90,0
-1.5614,2.0502,0.0784,0,90,0
-1.4332,2.2724,0.0653,0,90,0
-1.3428,2.4758,0.0522,0,90,0
-1.6824,2.26,0.0914,26.139,90,0
-1.566,2.3228,0.0653,0,90,0
-1.772,2.2046,0.0784,0,90,0
-1.8834,2.0168,0.0522,-12.881,90,0
-1.6864,2.371,0.0784,26.139,90,0
-1.9776,2.0888,0.0784,-26.139,90,0
-1.836,2.188,0.0784,0,90,0
-1.6622,2.2666,0.0653,0,90,0
-1.7122,2.3462,0.0653,0,90,0
-1.9976,2.093,0.0653,13.258,90,0
-1.8436,2.2028,0.0653,-26.139,90,0
-1.7064,2.3354,0.0653,0,90,0
-1.6414,2.295,0.0653,0,90,0
-1.6784,2.3692,0.0914,-13.258,90,0
-1.4416,2.4348,0.0653,26.139,90,0
-1.541,2.3086,0.0784,26.139,90,0
-1.68,2.1366,0.0653,-26.139,90,0
-1.573,2.2936,0.0784,26.139,90,0
-1.5686,2.272,0.0522,-26.139,90,0
-1.428,2.1486,0.0653,0,90,0
-1.5256,2.0336,0.0653,-26.139,90,0
-1.4126,2.2794,0.0653,0,90,0
-1.5514,2.1744,0.0784,0,90,0
-1.7122,2.0512,0.0784,-26.139,90,0
-1.6156,2.2078,0.0653,-26.139,90,0
-1.2174,2.5912,0.0522,26.139,90,0
-1.4118,2.2304,0.0653,0,90,0
-1.6696,2.2126,0.0784,0,90,0
-1.4814,2.2462,0.0784,26.139,90,0
-1.343,2.3796,0.0653,26.139,90,0
-1.2788,2.3442,0.0784,-13.258,90,0
-1.4132,2.236,0.0653,0,90,0
-1.5562,2.0976,0.0784,0,90,0
-1.572,1.978,0.0653,-26.139,90,0
-1.5876,2.071,0.0522,13.258,90,0
-1.2692,2.3676,0.0914,12.881,90,0
-1.2734,2.3646,0.0914,12.881,90,0
-1.5834,2.0928,0.0784,0,90,0
-1.4552,2.209,0.0653,0,90,0
-1.5262,2.2826,0.0653,0,90,0
-1.7164,2.1482,0.0653,-26.139,90,0
-1.9066,2.0384,0.0522,-12.881,90,0
-1.4326,2.3816,0.0784,-13.258,90,0
-1.5802,2.2742,0.0522,-26.139,90,0
-1.1102,2.6568,0.0653,12.881,90,0
-1.5404,2.2898,0.0653,0,90,0
-1.3972,2.4396,0.0914,12.881,90,0
-1.44,2.4646,0.0914,12.881,90,0
-1.5378,2.274,0.0784,26.139,90,0
-1.5702,2.3228,0.0784,26.139,90,0
-2.042,1.9382,0.0784,13.258,90,0
-1.5622,2.2476,0.0653,0,90,0
-1.3418,2.6042,0.0784,12.881,90,0
-1.6038,2.3038,0.0914,-13.258,90,0
-1.9176,2.0548,0.0784,-26.139,90,0
-1.517,2.4484,0.0653,26.139,90,0
-2.2414,1.7688,0.0653,26.516,90,0
-1.653,2.278,0.0653,0,90,0
-1.5828,2.2562,0.0784,26.139,90,0
-1.592,2.3508,0.0522,-26.139,90,0
-1.3704,2.41,0.0653,26.139,90,0
-1.3006,2.3858,0.0522,0,90,0
-1.556,2.0894,0.0653,-26.139,90,0
-1.5872,2.1138,0.0784,0,90,0
-1.6388,2.1354,0.0653,-26.139,90,0
-1.417,2.4354,0.0653,26.139,90,0
-1.735,2.1864,0.0653,-26.139,90,0
-1.6604,2.3738,0.0522,-26.139,90,0
-1.8178,2.2212,0.0914,26.139,90,0
-1.7058,2.1014,0.0653,-26.139,90,0
-1.448,2.432,0.0522,0,90,0
-1.5168,2.2454,0.0653,0,90,0
-1.4822,2.2588,0.0653,0,90,0
-1.5982,2.087,0.0653,-26.139,90,0
-1.3486,2.1632,0.0522,-26.139,90,0
-1.52,2.1178,0.0653,-26.139,90,0
-1.3696,2.2766,0.0784,26.139,90,0
-1.6472,1.9874,0.0653,13.258,90,0
-1.5082,2.1192,0.0784,0,90,0
-1.2338,2.4106,0.0784,-13.258,90,0
-1.281,2.1692,0.0784,26.139,90,0
-1.3282,2.2482,0.0653,0,90,0
-1.2876,2.2336,0.0653,0,90,0
-1.38,2.0934,0.0653,-26.139,90,0
-1.334,2.064,0.0653,-26.139,90,0
-1.1254,2.1346,0.0784,26.139,90,0
-1.0736,2.3578,0.0784,-13.258,90,0
-1.1754,2.1444,0.0784,26.139,90,0
-1.4252,2.09,0.0653,-26.139,90,0
-1.4624,2.1056,0.0784,0,90,0
-1.5508,2.1716,0.0784,0,90,0
-1.3974,2.2554,0.0784,26.139,90,0
-1.4156,2.2618,0.0914,-13.258,90,0
-1.388,2.2398,0.0653,0,90,0
-1.5128,2.0864,0.0653,-26.139,90,0
-1.5148,2.3516,0.0653,0,90,0
-1.599,2.3984,0.0784,26.139,90,0
-1.5946,2.3438,0.0653,0,90,0
-1.6842,2.4024,0.0784,26.139,90,0
-1.811,2.229,0.0784,0,90,0
-1.7134,2.378,0.0784,26.139,90,0
-1.8082,2.1832,0.0784,0,90,0
-1.8594,2.2254,0.0261,26.516,90,0
-1.76,2.1284,0.0653,-26.139,90,0
-1.6284,2.3072,0.0522,-26.139,90,0
-1.6238,2.3332,0.0522,-26.139,90,0
-1.3876,2.388,0.0653,26.139,90,0
-1.5272,2.3104,0.0653,0,90,0
-1.6474,2.1666,0.0653,-26.139,90,0
-1.6982,2.2258,0.0653,-26.139,90,0
-1.7142,2.1916,0.0653,-26.139,90,0
-1.2814,2.316,0.0653,26.139,90,0
-1.3974,2.238,0.0784,26.139,90,0
-1.4388,2.2728,0.0784,26.139,90,0
-1.777,2.0496,0.0784,-26.139,90,0
-1.488,2.2948,0.0784,26.139,90,0
-1.5622,2.0858,0.0392,-12.881,90,0
-1.5146,2.3334,0.0653,0,90,0
-1.2026,2.3,0.0914,12.881,90,0
-1.4484,2.0328,0.0653,-26.139,90,0
-1.3264,2.2258,0.0653,0,90,0
-1.5084,2.1478,0.0653,-26.139,90,0
-1.6416,1.9542,0.0522,-12.881,90,0
-1.546,2.1422,0.0522,13.258,90,0
-1.4048,2.256,0.0784,26.139,90,0
-1.4412,2.2788,0.0784,26.139,90,0
-1.4938,2.2936,0.0784,26.139,90,0
-1.5048,2.3042,0.0653,0,90,0
-1.7986,2.0222,0.0522,-12.881,90,0
-1.4546,2.2236,0.0784,26.139,90,0
-1.4912,2.2508,0.0914,-13.258,90,0
-1.6874,2.1716,0.0784,0,90,0
-1.5848,2.3146,0.0653,0,90,0
-1.368,2.3714,0.0784,-13.258,90,0
-1.5332,2.2664,0.0784,26.139,90,0
-1.5436,2.315,0.0653,0,90,0
-1.6738,2.1846,0.0914,26.139,90,0
-1.569,2.3426,0.0522,-26.139,90,0
-1.546,2.3512,0.0653,0,90,0
-1.9962,1.9496,0.0653,-12.881,90,0
-1.5174,2.2608,0.0522,-26.139,90,0
-1.6482,2.1416,0.0914,26.139,90,0
-1.3542,2.4388,0.0522,0,90,0
-1.3744,2.4884,0.0914,12.881,90,0
-1.4908,2.29,0.0914,-13.258,90,0
-1.7434,2.227,0.0784,0,90,0
-1.4448,2.4762,0.0653,26.139,90,0
-1.4696,2.4992,0.0522,0,90,0
-1.6322,2.1382,0.0914,26.139,90,0
-1.6802,2.1918,0.0522,13.258,90,0
-1.5892,2.0918,0.0653,-26.139,90,0
-2.1526,0.208,0.0522,26.139,0,0
-1.862,0.114,0,-26.139,0,0
-2.038,0.7924,-0.0261,-26.139,0,0
-1.5468,0.7092,-0.013,26.139,0,0
-1.5626,0.8938,0,-13.258,0,0
-1.4894,0.705,0,26.139,0,0
-1.576,0.6172,0,0,0,0
-1.631,0.4514,0,-26.139,0,0
-1.3254,0.366,0,0,0,0
-1.1578,0.202,0,0,0,0
-0.9886,0.024,0,0,0,0
-0.927,-0.0382,0,0,0,0
1.349,2.5252,0.0653,0,135,0
0.1194,2.1004,0.1568,26.139,135,0
-0.3786,2.1306,0.1437,0,135,0
-1.1592,1.9634,0.1699,26.139,135,0
-1.6872,1.835,0.1437,-26.139,135,0
-1.5454,2.3334,0.0914,0,135,0
-0.893,2.3404,0.0914,26.139,135,0
-1.2798,2.0154,0.0914,13.258,135,0
-1.0116,2.3844,0.0914,0,135,0
-1.3516,2.1718,0.1176,0,135,0
-1.417,2.1632,0.1045,-26.139,135,0
-1.5344,2.157,0.1176,0,135,0
-1.4956,2.2946,0.1176,26.139,135,0
-1.572,2.328,0.1176,26.139,135,0
-1.6214,2.3558,0.1045,0,135,0
-1.588,2.3192,0.1045,0,135,0
-1.4842,2.2206,0.1045,0,135,0
-1.3314,2.3742,0.0784,-26.139,135,0
-1.369,2.4242,0.1045,26.139,135,0
-1.3088,2.6304,0.1045,-13.258,135,0
-1.4262,2.425,0.1176,-13.258,135,0
-1.6198,2.3294,0.1045,0,135,0
-1.8112,2.1584,0.0914,13.258,135,0
-1.7128,2.051,0.1045,-26.139,135,0
-1.3414,2.5182,0.1045,-13.258,135,0
-1.6156,2.2726,0.0914,-26.139,135,0
-1.7412,2.1738,0.1045,-26.139,135,0
-1.5826,2.273,0.1176,26.139,135,0
-1.4482,2.409,0.0914,0,135,0
-1.587,2.2876,0.1045,0,135,0
-1.3718,2.3504,0.1306,12.881,135,0
-1.6322,2.117,0.1045,-26.139,135,0
-1.4154,2.2194,0.0914,-26.139,135,0
-1.4978,2.0664,0.1176,0,135,0
-1.4086,2.0014,0.1045,-26.139,135,0
-1.5826,1.885,0.0914,-12.881,135,0
-1.4342,2.286,0.1176,26.139,135,0
-1.3152,2.3922,0.1045,26.139,135,0
-1.4978,2.2872,0.1176,26.139,135,0
-1.54,2.0014,0.1045,-26.139,135,0
-1.452,2.2012,0.1176,26.139,135,0
-1.4178,2.1732,0.1176,26.139,135,0
-1.4316,2.248,0.0914,-26.139,135,0
-1.5792,2.1164,0.1045,-26.139,135,0
-1.6116,2.104,0.0914,13.258,135,0
-1.798,1.9682,0.0914,-12.881,135,0
-1.587,2.273,0.1176,26.139,135,0
-1.643,2.2362,0.1045,0,135,0
-1.4404,2.3548,0.1306,12.881,135,0
-1.6028,2.2198,0.1045,0,135,0
-1.6846,2.3134,0.1045,0,135,0
-1.8028,2.1884,0.1306,26.139,135,0
-1.9902,2.067,0.1045,13.258,135,0
-1.6632,2.2592,0.1045,0,135,0
-1.8768,2.1958,0.1306,26.139,135,0
-1.8806,2.1702,0.1045,-26.139,135,0
-1.5004,2.6472,0.0914,26.139,135,0
-1.4348,2.5476,0.1176,12.881,135,0
-1.846,2.1664,0.1045,-26.139,135,0
-1.6578,2.2374,0.1045,0,135,0
-1.3504,2.5098,0.1045,-13.258,135,0
-1.5906,2.2134,0.0914,-26.139,135,0
-1.4478,2.437,0.1045,26.139,135,0
-1.373,2.5294,0.0784,0,135,0
-1.5906,2.2772,0.1176,26.139,135,0
-1.4762,2.2182,0.1045,0,135,0
-1.319,2.1712,0.1045,0,135,0
-1.0818,2.3462,0.0914,0,135,0
-1.3942,1.8362,0.1176,-26.139,135,0
-1.3672,1.9956,0.1306,26.139,135,0
-1.5694,1.7308,0.1176,-26.139,135,0
-1.3698,2.4316,0.1045,26.139,135,0
-1.5536,2.31,0.1306,-13.258,135,0
-1.6716,2.003,0.1176,0,135,0
-1.822,2.0678,0.1306,26.139,135,0
-1.717,2.2508,0.1176,26.139,135,0
-1.7328,2.2584,0.1176,26.139,135,0
-1.7264,2.2148,0.0914,-26.139,135,0
-1.537,2.6032,0.0784,0,135,0
-1.4522,2.5548,0.1045,-13.258,135,0
-1.534,2.3748,0.1437,-26.516,135,0
-1.6976,2.2578,0.0914,-26.139,135,0
-1.7076,2.1118,0.0914,13.258,135,0
-1.8448,2.0006,0.0653,0.377,135,0
-1.4742,2.1154,0.0914,-26.139,135,0
-1.3692,2.314,0.1045,26.139,135,0
-1.4338,2.4208,0.1045,26.139,135,0
-1.6862,2.1374,0.1045,-26.139,135,0
-1.506,2.2162,0.1045,0,135,0
-1.4338,2.109,0.1045,0,135,0
-1.7424,1.8904,0.1045,13.258,135,0
-1.6096,2.0674,0.1306,26.139,135,0
-1.5206,2.246,0.1176,26.139,135,0
-1.568,2.4344,0.1045,26.139,135,0
-1.5084,2.3646,0.1045,26.139,135,0
-1.5256,2.427,0.1176,-13.258,135,0
-1.5094,2.37,0.1176,-13.258,135,0
-1.7406,2.052,0.1045,-26.139,135,0
-1.3062,2.5132,0.1045,-13.258,135,0
-1.6826,2.1156,0.1045,-26.139,135,0
-1.3184,2.608,0.1045,-13.258,135,0
-1.6834,2.2864,0.1437,12.881,135,0
-1.8552,2.1442,0.1176,0,135,0
-1.7702,2.3356,0.0914,-26.139,135,0
-1.7092,2.2786,0.1045,0,135,0
-1.8318,2.1342,0.1045,-26.139,135,0
-1.5514,2.1606,0.0914,-26.139,135,0
-1.4138,2.3636,0.1045,26.139,135,0
-1.3588,2.3736,0.0914,0,135,0
-1.3988,2.4596,0.1306,12.881,135,0
-1.7874,2.227,0.1045,-26.139,135,0
-1.589,2.5138,0.1176,-13.258,135,0
-1.867,2.1714,0.1045,-26.139,135,0
-1.8402,2.1518,0.1045,-26.139,135,0
-1.9228,1.9744,0.0784,26.516,135,0
-1.4192,2.3502,0.1045,26.139,135,0
-1.5308,2.2354,0.1045,0,135,0
-1.4882,2.2338,0.1045,0,135,0
-1.3436,2.4208,0.1045,26.139,135,0
-1.34,2.1882,0.0914,-26.139,135,0
-1.3772,2.2194,0.1045,0,135,0
-1.4722,2.2554,0.1045,0,135,0
-1.549,2.3138,0.1176,26.139,135,0
-1.3008,2.604,0.1176,12.881,135,0
-1.7716,2.1308,0.1437,-13.258,135,0
-1.478,2.3922,0.1176,-13.258,135,0
-1.3408,2.56,0.1045,-13.258,135,0
-1.4624,2.4218,0.1045,26.139,135,0
-1.6962,2.3888,0.1306,-13.258,135,0
-2.015,2.093,0.1176,-26.139,135,0
-2.0698,1.995,0.1437,26.138,135,0
-1.4334,2.3272,0.0914,0,135,0
-1.8308,1.958,0.0784,26.516,135,0
-1.4946,2.429,0.1176,-13.258,135,0
-1.5794,2.2274,0.1045,0,135,0
-1.5816,2.281,0.1045,0,135,0
-1.46,2.4544,0.1045,26.139,135,0
-1.442,2.4124,0.0914,0,135,0
-1.7874,2.2138,0.1176,0,135,0
-1.3646,2.626,0.0784,0,135,0
-1.759,2.1894,0.1306,26.139,135,0
-1.4794,2.3992,0.1045,26.139,135,0
-1.5468,2.215,0.1176,26.139,135,0
-1.5406,2.1988,0.1045,0,135,0
-1.6146,2.3202,0.1045,0,135,0
-1.5302,2.256,0.0784,13.258,135,0
-1.4656,2.4226,0.0914,0,135,0
-1.794,2.1246,0.1176,0,135,0
-1.648,2.274,0.1176,26.139,135,0
-1.6898,2.2884,0.1045,0,135,0
-1.8168,2.1578,0.1176,0,135,0
-1.6754,2.2362,0.1045,0,135,0
-1.718,2.246,0.1045,0,135,0
-1.7886,2.101,0.0914,13.258,135,0
-2.0702,1.891,0.1176,13.258,135,0
-1.4838,2.3706,0.1045,26.139,135,0
-1.5688,2.4646,0.1306,12.881,135,0
-1.5716,2.415,0.1045,26.139,135,0
-2.0342,2.0392,0.1045,13.258,135,0
-1.72,2.301,0.1045,0,135,0
-1.8536,2.1846,0.1306,26.139,135,0
-1.851,2.1838,0.0914,13.258,135,0
-1.6896,2.3134,0.1045,0,135,0
-1.6562,2.273,0.0914,-26.139,135,0
-1.6866,2.0556,0.1176,0,135,0
-1.4008,2.4016,0.1045,26.139,135,0
-1.4296,2.4218,0.0914,0,135,0
-1.596,2.3288,0.1176,26.139,135,0
-1.6318,2.3454,0.1176,26.139,135,0
-1.5098,2.4678,0.1176,-13.258,135,0
-1.6116,2.2946,0.0914,-26.139,135,0
-1.9774,1.847,0.1306,-26.139,135,0
-1.5292,2.2574,0.1176,26.139,135,0
-1.471,2.2408,0.1045,0,135,0
-1.4472,2.2832,0.1045,0,135,0
-1.2284,2.3564,0.0914,0,135,0
-1.1696,2.3316,0.1045,26.139,135,0
-1.3914,2.0218,0.1045,-26.139,135,0
-1.1934,2.3926,0.1176,-13.258,135,0
-1.4218,2.2918,0.1045,0,135,0
-1.4448,2.4428,0.1176,-13.258,135,0
-1.6798,2.3824,0.0914,-26.139,135,0
-1.6224,2.2672,0.0914,-26.139,135,0
-1.645,2.294,0.1045,0,135,0
-1.641,2.2834,0.1045,0,135,0
-1.3324,2.5706,0.1306,-26.516,135,0
-1.4094,2.6182,0.1045,-13.258,135,0
-1.9254,2.199,0.1306,26.139,135,0
-1.8746,2.1504,0.1306,26.139,135,0
-1.606,2.2898,0.0914,0,135,0
-1.6034,2.2162,0.1045,0,135,0
-1.4484,2.3732,0.1045,26.139,135,0
-1.793,2.147,0.1045,-26.139,135,0
-1.4082,2.3138,0.0914,0,135,0
-1.7026,2.1174,0.0914,13.258,135,0
-1.5772,2.3002,0.1176,26.139,135,0
-1.376,2.3692,0.1045,26.139,135,0
-1.8574,2.0232,0.1045,13.258,135,0
-1.5504,2.2292,0.1045,0,135,0
-1.6022,2.293,0.0914,-26.139,135,0
-1.5338,2.2514,0.0914,-26.139,135,0
-1.8656,2.0288,0.1045,13.258,135,0
-1.5702,2.2614,0.0914,-26.139,135,0
-1.4336,2.4178,0.0914,0,135,0
-1.5394,2.2126,0.0784,13.258,135,0
-1.4804,2.174,0.1045,0,135,0
-1.5532,2.0206,0.1176,0,135,0
-1.3164,2.3372,0.1306,12.881,135,0
-1.7082,2.1676,0.1045,-26.139,135,0
-1.7496,2.1612,0.1045,-26.139,135,0
-1.9474,2.0162,0.1306,0,135,0
-1.5406,2.429,0.1176,-13.258,135,0
-1.8864,2.09,0.1306,26.139,135,0
-1.3944,2.535,0.1176,12.881,135,0
-1.2926,2.2118,0.1306,12.881,135,0
-1.4612,1.8458,0.1045,-26.139,135,0
-1.4548,2.449,0.0784,-26.139,135,0
-1.7006,2.3724,0.1045,0,135,0
-1.744,2.335,0.1176,26.139,135,0
-1.75,2.2968,0.1176,26.139,135,0
-2.0948,2.0334,0.1176,-26.139,135,0
-1.7586,2.2468,0.1176,26.139,135,0
-1.5864,2.3784,0.1176,-13.258,135,0
-1.7404,2.2484,0.1045,0,135,0
-1.373,2.5096,0.0914,26.139,135,0
-1.2528,2.365,0.0914,26.139,135,0
-1.4152,2.364,0.1306,12.881,135,0
-1.6116,2.3346,0.1045,0,135,0
-1.6044,2.3142,0.1306,-13.258,135,0
-1.6088,2.285,0.1306,-13.258,135,0
-1.6448,2.2906,0.1306,-13.258,135,0
-1.6022,2.2482,0.1045,0,135,0
-1.6662,2.0838,0.0784,-12.881,135,0
-1.49,2.2526,0.1045,0,135,0
-1.113,2.2722,0.1045,26.139,135,0
-1.0022,2.4372,0.1306,-26.516,135,0
-1.3774,2.283,0.1176,26.139,135,0
-1.4072,2.2472,0.0914,-26.139,135,0
-1.7646,1.9836,0.1045,13.258,135,0
-1.7186,2.153,0.1045,-26.139,135,0
-1.762,2.16,0.1045,-26.139,135,0
-1.473,2.392,0.0914,0,135,0
-1.5404,2.1556,0.1045,0,135,0
-1.352,2.5246,0.1045,-13.258,135,0
-1.6742,2.3098,0.1306,-13.258,135,0
-1.5778,2.4892,0.1045,26.139,135,0
-1.558,2.4576,0.1306,12.881,135,0
-1.463,2.6358,0.1176,12.881,135,0
-1.9574,1.9692,0.1045,13.258,135,0
-1.7018,2.2722,0.0914,-26.139,135,0
-1.6612,2.263,0.0784,13.258,135,0
-1.6082,2.2346,0.1045,0,135,0
-1.588,2.2646,0.0914,-26.139,135,0
-1.5574,2.2362,0.1176,26.139,135,0
-1.4194,2.3992,0.1045,26.139,135,0
-1.5374,2.2518,0.1045,0,135,0
-1.4494,2.44,0.1045,26.139,135,0
-1.2442,2.4856,0.1176,12.881,135,0
-1.4672,2.401,0.1045,26.139,135,0
-1.9588,2.0442,0.1045,13.258,135,0
-1.48,2.405,0.1306,12.881,135,0
-1.4378,2.3762,0.1176,-13.258,135,0
-1.2556,2.5208,0.1045,-13.258,135,0
-1.6514,2.1018,0.0914,13.258,135,0
-1.5846,2.324,0.1045,0,135,0
-1.6052,2.2812,0.1045,0,135,0
-1.8176,2.1596,0.1176,0,135,0
-1.8268,2.1072,0.0914,13.258,135,0
-1.7246,2.2888,0.1045,0,135,0
-2.0298,2.041,0.1306,0,135,0
-1.6968,2.2656,0.1045,0,135,0
-1.7616,2.0532,0.0914,13.258,135,0
-1.535,2.4072,0.0914,0,135,0
-1.743,2.3552,0.1306,-13.258,135,0
-1.5674,2.4684,0.1045,26.139,135,0
-1.6142,2.5346,0.1176,-13.258,135,0
-1.5526,2.4356,0.1176,-13.258,135,0
-1.475,2.3486,0.1176,-13.258,135,0
-1.504,2.4486,0.1176,-13.258,135,0
-1.9548,2.0788,0.0914,-12.881,135,0
-1.559,2.517,0.1045,26.139,135,0
-1.6518,2.305,0.1176,26.139,135,0
-1.6734,2.0976,0.1306,26.139,135,0
-1.6214,2.1126,0.0914,13.258,135,0
-1.431,2.268,0.0914,-26.139,135,0
-1.6072,2.3124,0.1306,-13.258,135,0
-1.6116,2.2658,0.1306,-13.258,135,0
-1.5658,2.2412,0.1045,0,135,0
-1.151,2.4324,0.1045,-13.258,135,0
-1.1504,2.2802,0.0914,0,135,0
-0.9838,2.4296,0.1045,-13.258,135,0
-1.1368,2.3446,0.1176,-13.258,135,0
-1.3284,2.239,0.1176,26.139,135,0
-1.4982,2.2556,0.1176,26.139,135,0
-1.7042,2.1152,0.1045,-26.139,135,0
-1.638,2.3368,0.1045,0,135,0
-1.512,2.5144,0.1045,26.139,135,0
-1.649,2.3732,0.1306,-13.258,135,0
-1.84,2.2404,0.1176,0,135,0
-1.4962,2.3956,0.1176,-13.258,135,0
-1.4958,2.3816,0.1306,12.881,135,0
-1.7178,2.3532,0.1176,26.139,135,0
-1.952,2.0368,0.1176,-26.139,135,0
-1.8656,2.1988,0.0914,13.258,135,0
-1.896,2.2088,0.1176,0,135,0
-2.0086,2.0146,0.1306,0,135,0
-1.6092,2.251,0.1045,0,135,0
-1.7392,2.1392,0.1045,-26.139,135,0
-1.4426,2.3968,0.1306,12.881,135,0
-1.2236,2.4278,0.1176,12.881,135,0
-1.4258,2.4088,0.1045,26.139,135,0
-1.7162,2.1018,0.1045,-26.139,135,0
-1.6166,2.2552,0.1045,0,135,0
-1.523,2.1954,0.1176,26.139,135,0
-1.385,2.3866,0.1437,-26.516,135,0
-1.5504,2.323,0.1306,-13.258,135,0
-1.2024,2.4886,0.1045,-13.258,135,0
-1.6452,2.0998,0.1045,-26.139,135,0
-1.4176,2.1506,0.1045,0,135,0
-1.5826,2.0816,0.1045,-26.139,135,0
-1.6158,2.12,0.1045,-26.139,135,0
-1.3676,2.4302,0.1045,26.139,135,0
-1.6798,2.134,0.1176,0,135,0
-1.6032,2.2358,0.1306,-13.258,135,0
-1.517,2.4134,0.1045,26.139,135,0
-1.6814,2.2808,0.1045,0,135,0
-1.6124,2.46,0.0914,0,135,0
-1.5172,2.4682,0.1176,-13.258,135,0
-1.6884,2.3138,0.1306,-13.258,135,0
-2.2472,1.735,0.1437,-26.139,135,0
-1.5474,2.357,0.0784,-26.139,135,0
-1.8122,2.35,0.1176,26.139,135,0
-1.6838,2.218,0.1306,-13.258,135,0
-1.5048,2.384,0.1045,26.139,135,0
-1.6458,2.3022,0.1045,0,135,0
-1.6092,2.2858,0.1176,26.139,135,0
-1.7282,2.0952,0.1045,-26.139,135,0
-1.496,2.1798,0.1045,0,135,0
-1.3934,2.3978,0.0914,0,135,0
-1.4638,2.2624,0.1176,26.139,135,0
-1.7188,2.359,0.1176,26.139,135,0
-1.6252,2.2404,0.1045,0,135,0
-1.1444,2.2694,0.1045,26.139,135,0
-1.2262,2.1394,0.1045,0,135,0
-1.2308,2.1514,0.1045,0,135,0
-1.2082,2.4288,0.1045,26.139,135,0
-1.409,2.3044,0.0784,13.258,135,0
-1.5476,2.3774,0.0914,-26.139,135,0
-1.5752,2.292,0.1176,26.139,135,0
-1.7772,2.1546,0.1045,-26.139,135,0
-1.5862,2.2052,0.0914,-26.139,135,0
-1.5554,2.4898,0.0914,0,135,0
-1.8546,2.237,0.1176,0,135,0
-1.7138,2.3128,0.0914,-26.139,135,0
-1.8522,2.1726,0.1176,0,135,0
-1.898,2.1862,0.0914,13.258,135,0
-1.6164,2.4602,0.0914,0,135,0
-1.7688,2.2964,0.0914,-26.139,135,0
-1.8024,2.312,0.1045,0,135,0
-1.609,2.3856,0.1045,26.139,135,0
-1.5302,2.3628,0.1045,26.139,135,0
-1.5576,2.1722,0.1045,0,135,0
-1.5736,2.2044,0.0914,-26.139,135,0
-1.3664,2.3624,0.1045,26.139,135,0
-1.5728,2.1334,0.1306,26.139,135,0
-1.3096,2.4338,0.0914,0,135,0
-1.5382,2.1454,0.1045,-26.139,135,0
-1.4358,2.282,0.1306,-13.258,135,0
-1.704,2.1602,0.1306,26.139,135,0
-1.8838,1.9586,0.1045,13.258,135,0
-1.6944,1.9748,0.1045,-26.139,135,0
-1.1966,2.3952,0.0784,0,135,0
-1.4634,2.1896,0.1306,-13.258,135,0
-1.1908,2.4942,0.0914,26.139,135,0
-1.5466,2.042,0.1176,0,135,0
-1.4274,2.0574,0.0914,-26.139,135,0
-1.6074,2.0802,0.1045,-26.139,135,0
-1.5442,2.2984,0.1045,0,135,0
-1.4834,2.462,0.0914,0,135,0
-1.5288,2.4578,0.1306,12.881,135,0
-1.6588,2.2394,0.1045,0,135,0
-1.6922,2.3136,0.1045,0,135,0
-1.6204,2.4408,0.1045,26.139,135,0
-1.5546,2.3982,0.1176,-13.258,135,0
-1.8818,2.13,0.1045,-26.139,135,0
-1.5452,2.4488,0.1045,26.139,135,0
-1.986,2.0322,0.1176,-26.139,135,0
-1.5416,2.3924,0.1045,26.139,135,0
-1.648,2.2488,0.1045,0,135,0
-1.6236,2.2872,0.1045,0,135,0
-1.3578,2.5986,0.1045,-13.258,135,0
-1.732,2.1336,0.1176,0,135,0
-1.4348,2.3674,0.0914,0,135,0
-1.8724,2.0064,0.1045,13.258,135,0
-1.487,2.1804,0.1176,26.139,135,0
-1.3604,2.3614,0.1176,-13.258,135,0
-1.504,2.243,0.0914,-26.139,135,0
-1.4484,2.4722,0.0914,0,135,0
-1.3958,2.397,0.1045,26.139,135,0
-1.296,2.1056,0.1176,26.139,135,0
-1.2576,2.1176,0.1045,0,135,0
-1.2416,2.155,0.1176,26.139,135,0
-1.164,2.348,0.1045,26.139,135,0
-1.2552,2.4358,0.1306,12.881,135,0
-1.747,2.0036,0.1045,13.258,135,0
-1.586,2.3338,0.1176,26.139,135,0
-1.7052,2.115,0.1045,-26.139,135,0
-1.7184,2.1174,0.1437,-13.258,135,0
-1.7546,2.1704,0.1306,26.139,135,0
-1.6802,2.3446,0.0914,-26.139,135,0
-1.8718,2.226,0.1176,0,135,0
-1.6546,2.2664,0.1045,0,135,0
-1.499,2.3934,0.1045,26.139,135,0
-1.3432,2.5524,0.1176,12.881,135,0
-1.6276,2.3124,0.1176,26.139,135,0
-1.6756,2.3534,0.1568,-26.516,135,0
-1.6334,2.5196,0.1176,-13.258,135,0
-1.448,2.5648,0.1045,-13.258,135,0
-1.7082,2.2922,0.0914,-26.139,135,0
-1.5562,2.431,0.1306,12.881,135,0
-1.6792,2.2876,0.1176,26.139,135,0
-1.6672,2.2756,0.1045,0,135,0
-1.3022,2.49,0.1306,-26.516,135,0
-1.4706,2.1534,0.1045,0,135,0
-1.6098,2.0906,0.1176,0,135,0
-1.1928,2.5264,0.1306,-26.516,135,0
-1.6714,2.1318,0.1045,-26.139,135,0
-1.442,2.408,0.0784,-26.139,135,0
-1.6232,2.2888,0.1176,26.139,135,0
-1.5696,2.231,0.1306,-13.258,135,0
-1.5414,2.3056,0.1176,26.139,135,0
-1.5106,2.2622,0.0914,-26.139,135,0
-1.6098,2.0974,0.1176,0,135,0
-1.403,2.1492,0.1045,0,135,0
-1.2932,2.3484,0.1045,26.139,135,0
-1.5748,2.0634,0.1045,-26.139,135,0
-1.8412,2.051,0.1045,13.258,135,0
-1.4434,2.4408,0.1045,26.139,135,0
-1.799,2.167,0.1306,26.139,135,0
-1.6844,2.3112,0.1045,0,135,0
-1.841,2.1074,0.1045,-26.139,135,0
-1.6916,2.3,0.1045,0,135,0
-1.8928,2.1908,0.1045,-26.139,135,0
-1.5116,2.3392,0.1045,26.139,135,0
-1.803,2.1072,0.0914,13.258,135,0
-1.624,2.2638,0.1045,0,135,0
-1.3412,2.5774,0.1045,-13.258,135,0
-1.5176,2.4976,0.1176,-13.258,135,0
-1.4328,2.3946,0.1045,26.139,135,0
-1.4674,2.4442,0.1045,26.139,135,0
-1.8892,2.0584,0.1176,-26.139,135,0
-1.6164,2.3302,0.0914,-26.139,135,0
-1.577,2.2824,0.1306,-13.258,135,0
-1.6712,2.0622,0.1176,0,135,0
-1.3396,2.322,0.1176,-13.258,135,0
-1.482,2.2322,0.1045,0,135,0
-1.4036,2.5134,0.1045,26.139,135,0
-1.3982,2.499,0.0914,0,135,0
-1.2912,2.6158,0.1045,-13.258,135,0
-1.697,2.165,0.0914,13.258,135,0
-1.5044,2.2304,0.1045,0,135,0
-1.2376,2.285,0.0914,0,135,0
-1.4862,2.0628,0.1045,-26.139,135,0
-1.2806,2.1834,0.0914,-26.139,135,0
-1.2552,2.2186,0.1045,0,135,0
-1.2732,2.2322,0.1045,0,135,0
-1.5192,2.1984,0.1176,0,135,0
-1.5792,2.2112,0.1306,26.139,135,0
-1.6354,2.2336,0.1176,0,135,0
-1.4898,2.3126,0.1176,26.139,135,0
-1.476,2.2702,0.1176,26.139,135,0
-1.5184,2.283,0.1045,0,135,0
-1.5802,2.3056,0.1045,0,135,0
-1.3696,2.6318,0.1176,12.881,135,0
-1.6416,2.3404,0.0914,-26.139,135,0
-1.629,2.303,0.1045,0,135,0
-1.6124,2.281,0.0914,-26.139,135,0
-1.6486,2.3248,0.1045,0,135,0
-1.9316,2.033,0.1306,0,135,0
-1.5758,2.2518,0.1176,26.139,135,0
-1.5332,2.4872,0.1176,-13.258,135,0
-1.5008,2.4078,0.1045,26.139,135,0
-1.4312,2.3888,0.1176,-13.258,135,0
-1.13,2.4608,0.0914,26.139,135,0
-1.4294,2.0332,0.1045,-26.139,135,0
-1.2684,2.125,0.0914,-26.139,135,0
-1.5628,2.2862,0.1176,26.139,135,0
-1.5796,2.2986,0.1045,0,135,0
-1.5224,2.2368,0.1045,0,135,0
-1.2228,2.5204,0.0914,26.139,135,0
-1.3924,2.4516,0.0784,-26.139,135,0
-1.4484,2.2366,0.1176,26.139,135,0
-1.5796,2.0724,0.1045,-26.139,135,0
-1.4502,2.193,0.1176,26.139,135,0
-1.4422,2.4578,0.1045,26.139,135,0
-1.6408,2.3584,0.1176,26.139,135,0
-1.6814,2.367,0.1176,26.139,135,0
-1.5384,2.4346,0.1176,-13.258,135,0
-1.7484,2.3142,0.1045,0,135,0
-1.8262,2.239,0.1176,26.139,135,0
-1.5876,2.3962,0.1045,26.139,135,0
-1.6422,2.4684,0.1176,-13.258,135,0
-1.5132,2.3772,0.1306,12.881,135,0
-1.4546,2.5788,0.1045,-13.258,135,0
-1.5916,2.4266,0.1306,12.881,135,0
-1.373,2.5652,0.1045,-13.258,135,0
-1.7994,2.198,0.1306,26.139,135,0
-1.6602,2.3164,0.1045,0,135,0
-1.5358,2.4704,0.0914,0,135,0
-1.9072,2.0098,0.1045,13.258,135,0
-1.6706,2.3568,0.1045,0,135,0
-1.4426,2.0502,0.0914,-26.139,135,0
-1.4508,2.1364,0.0914,-26.139,135,0
-1.3148,2.342,0.1045,26.139,135,0
-1.3606,2.4694,0.1045,26.139,135,0
-1.6908,2.2282,0.1045,-26.139,135,0
-1.706,2.1526,0.1045,-26.139,135,0
-1.2656,2.5424,0.0914,26.139,135,0
-0.9328,2.28,0.0784,0,135,0
-0.983,2.1944,0.0914,0,135,0
-1.7214,2.027,0.1045,13.258,135,0
-1.6702,2.0924,0.1437,-13.258,135,0
-1.4234,2.4042,0.0914,0,135,0
-1.58,2.2224,0.1306,-13.258,135,0
-1.5152,2.4232,0.0914,0,135,0
-1.7912,2.1022,0.1306,26.139,135,0
-1.7644,2.2866,0.1176,26.139,135,0
-1.6794,2.2304,0.1176,26.139,135,0
-1.805,2.108,0.1045,-26.139,135,0
-1.5048,2.4646,0.1306,12.881,135,0
-1.4802,2.4386,0.0914,0,135,0
-1.8436,2.2326,0.1045,-26.139,135,0
-1.6858,2.303,0.1306,-13.258,135,0
-1.8004,2.0846,0.1045,-26.139,135,0
-1.4496,2.3122,0.1176,-13.258,135,0
-1.4992,2.1398,0.0914,-26.139,135,0
-1.4946,2.2248,0.0914,-26.139,135,0
-1.3468,2.1504,0.1176,26.139,135,0
-1.5418,2.0476,0.1176,0,135,0
-1.4316,2.174,0.1176,26.139,135,0
-1.3366,2.3632,0.1176,-13.258,135,0
-1.5082,2.2748,0.1045,0,135,0
-1.5794,2.3022,0.1045,0,135,0
-1.4466,2.3768,0.1176,-13.258,135,0
-1.405,2.3828,0.1437,-26.516,135,0
-1.5774,2.2958,0.0914,-26.139,135,0
-1.512,2.2402,0.1176,26.139,135,0
-1.469,2.168,0.1176,26.139,135,0
-1.6418,2.058,0.1045,-26.139,135,0
-1.4,2.386,0.1045,26.139,135,0
-1.6618,2.3422,0.1176,26.139,135,0
-1.638,2.2382,0.1176,26.139,135,0
-1.8294,2.2524,0.0784,13.258,135,0
-1.5882,2.4654,0.1045,26.139,135,0
-1.6846,2.2836,0.1306,-13.258,135,0
-1.7614,2.3246,0.1306,-13.258,135,0
-1.8576,2.1294,0.1306,26.139,135,0
-1.8058,2.177,0.1306,26.139,135,0
-1.5496,2.4514,0.1045,26.139,135,0
-1.419,2.5692,0.0914,26.139,135,0
-1.7998,2.1546,0.1045,-26.139,135,0
-1.6758,2.3314,0.1176,26.139,135,0
-1.5784,2.4876,0.1045,26.139,135,0
-1.478,2.3884,0.1045,26.139,135,0
-1.5592,2.2148,0.1176,26.139,135,0
-1.3834,2.3624,0.1045,26.139,135,0
-1.6842,2.1638,0.1045,-26.139,135,0
-1.6556,2.1946,0.1045,-26.139,135,0
-1.5658,2.3774,0.0914,-26.139,135,0
-1.7434,2.1944,0.1176,0,135,0
-1.6948,2.1086,0.1045,-26.139,135,0
-1.2998,2.3048,0.1176,-13.258,135,0
-1.2992,2.2028,0.1176,26.139,135,0
-1.1818,2.5538,0.1045,-13.258,135,0
-1.3706,2.4474,0.1045,26.139,135,0
-1.7224,2.1934,0.1176,0,135,0
-1.735,2.0866,0.1176,0,135,0
-1.5504,2.4074,0.1045,26.139,135,0
-1.551,2.4438,0.1045,26.139,135,0
-1.8458,2.2004,0.0914,13.258,135,0
-1.5814,2.5064,0.1045,26.139,135,0
-1.6798,2.314,0.1306,-13.258,135,0
-1.7124,2.3138,0.1176,26.139,135,0
-1.3414,2.5098,0.1176,12.881,135,0
-1.6028,2.2686,0.1176,26.139,135,0
-1.463,2.4264,0.1045,26.139,135,0
-1.4796,2.4492,0.1045,26.139,135,0
-1.6994,2.2788,0.1045,0,135,0
-1.488,2.3818,0.0914,0,135,0
-1.4156,2.3762,0.0914,0,135,0
-1.6824,2.118,0.0914,13.258,135,0
-1.3872,2.3794,0.1045,26.139,135,0
-1.7202,2.1736,0.1045,-26.139,135,0
-1.6756,2.1152,0.0784,-12.881,135,0
-1.6002,2.31,0.0914,-26.139,135,0
-2.5524,-0.4248,0.1045,26.139,0,0
-1.9058,-0.9618,0.0392,-26.139,0,0
-1.9378,0.0904,0,26.139,0,0
-1.864,-0.0704,-0.0261,13.258,0,0
-1.4414,0.1876,-0.0261,0,0,0
-1.3682,0.12,-0.0261,-26.139,0,0
-1.1092,-0.1044,0,0,0,0
-1.0244,-0.1936,0,0,0,0
-0.7602,-0.4586,0,0,0,0
-0.6614,-0.5534,0,0,0,0
-0.565,-0.6494,0,0,0,0
-0.4654,-0.7502,0,0,0,0
-0.3646,-0.848,0,0,0,0
-0.2638,-0.944,0,0,0,0
-0.152,-1.0376,-0.013,-26.139,0,0
0.8168,1.61,0.1045,0.377,180,0
0.4132,2.0922,0.1699,0,180,0
-0.0194,2.3474,0.1829,-13.258,180,0
-0.9014,2.1542,0.2091,-13.258,180,0
-1.3478,2.2328,0.1829,26.139,180,0
-1.841,2.127,0.1699,0,180,0
-1.7974,2.2042,0.1568,26.139,180,0
-1.7672,2.343,0.1568,-13.258,180,0
-1.6464,2.52,0.1568,12.881,180,0
-1.5062,2.6644,0.1699,-0.377,180,0
-1.5996,2.497,0.1176,0,180,0
-1.8012,2.2224,0.1176,13.258,180,0
-2.099,2.0382,0.1306,-12.881,180,0
-1.696,2.424,0.1306,0,180,0
-1.7108,2.4584,0.1437,26.139,180,0
-1.6266,2.411,0.1437,26.139,180,0
-1.4686,2.5672,0.1568,12.881,180,0
-1.7266,2.2154,0.1699,-13.258,180,0
-1.5748,2.362,0.1437,26.139,180,0
-1.6922,2.2738,0.196,-26.516,180,0
-1.415,2.5606,0.1437,-13.258,180,0
-1.6198,2.2152,0.1306,-26.139,180,0
-1.482,2.0804,0.1437,0,180,0
-1.757,1.8896,0.1437,13.258,180,0
-1.4664,2.2134,0.1306,-26.139,180,0
-1.4216,2.4598,0.1437,26.139,180,0
-1.542,2.2824,0.1568,26.139,180,0
-1.2782,2.296,0.1306,0,180,0
-1.2036,2.2798,0.1176,-26.139,180,0
-1.199,2.2948,0.1306,0,180,0
-1.2336,2.3256,0.1306,0,180,0
-1.2858,2.3544,0.1437,26.139,180,0
-1.4092,2.4816,0.1568,-13.258,180,0
-1.4628,2.4394,0.1306,0,180,0
-1.6774,2.2892,0.1568,26.139,180,0
-1.9058,2.1574,0.1306,13.258,180,0
-1.4538,2.5606,0.1437,-13.258,180,0
-1.5004,2.3474,0.1568,-13.258,180,0
-1.836,2.1306,0.1306,13.258,180,0
-1.573,2.366,0.1437,26.139,180,0
-1.447,2.5276,0.1437,-13.258,180,0
-1.33,2.4252,0.1699,-26.516,180,0
-1.2386,2.4162,0.1568,12.881,180,0
-1.5408,2.1932,0.1437,0,180,0
-1.2966,2.4566,0.1437,-13.258,180,0
-1.7326,2.0968,0.1829,-13.258,180,0
-1.9358,2.0018,0.1437,13.258,180,0
-1.5512,2.4426,0.1306,0,180,0
-1.6924,2.2598,0.1306,-26.139,180,0
-1.5042,2.3838,0.1437,26.139,180,0
-1.1664,2.591,0.1437,12.881,180,0
-1.3462,2.5354,0.1568,12.881,180,0
-1.5296,2.4018,0.1568,-13.258,180,0
-1.5232,2.3694,0.1437,26.139,180,0
-1.734,2.2882,0.1568,26.139,180,0
-1.665,2.4556,0.1437,26.139,180,0
-1.989,2.183,0.1437,-26.139,180,0
-1.7742,1.9568,0.1568,0,180,0
-1.6418,2.396,0.1568,-13.258,180,0
-2.1178,2.0082,0.1829,26.139,180,0
-1.7702,1.9796,0.1699,26.139,180,0
-1.4336,2.453,0.1829,-0.377,180,0
-1.5684,2.2936,0.1568,-13.258,180,0
-1.5446,2.55,0.1306,26.139,180,0
-1.1608,2.2272,0.1437,-13.258,180,0
-1.1086,2.3296,0.1437,-13.258,180,0
-1.5624,2.3022,0.1568,26.139,180,0
-1.5034,2.1776,0.1437,0,180,0
-1.213,2.768,0.1699,-0.377,180,0
-1.712,2.1018,0.1568,0,180,0
-1.567,2.186,0.1437,0,180,0
-1.178,2.3404,0.1437,-13.258,180,0
-1.3198,2.2762,0.1306,0,180,0
-1.1716,2.475,0.1699,-26.516,180,0
-1.6848,2.3322,0.1437,0,180,0
-1.6962,2.2732,0.1306,-26.139,180,0
-1.4438,2.5084,0.1568,12.881,180,0
-1.6448,2.4084,0.1306,0,180,0
-1.8828,2.1026,0.1437,-26.139,180,0
-1.6426,2.4224,0.1176,-26.139,180,0
-1.5514,2.3414,0.1306,0,180,0
-1.6328,2.1758,0.1306,-26.139,180,0
-1.553,2.4218,0.1437,26.139,180,0
-1.7214,2.2614,0.1437,0,180,0
-1.5978,2.3846,0.1437,26.139,180,0
-1.3782,2.442,0.1306,26.139,180,0
-1.3636,2.4182,0.1568,12.881,180,0
-1.6486,1.9732,0.1568,0,180,0
-1.4042,2.2972,0.1829,-26.516,180,0
-1.5714,2.1892,0.1568,26.139,180,0
-1.5152,2.3826,0.1699,12.881,180,0
-1.4978,2.3184,0.1437,26.139,180,0
-1.3378,2.4418,0.1306,26.139,180,0
-1.4786,2.3312,0.1306,0,180,0
-1.5098,2.4212,0.1699,12.881,180,0
-1.5564,2.1466,0.1437,0,180,0
-1.7402,2.0484,0.1699,26.139,180,0
-1.5398,2.395,0.1437,26.139,180,0
-1.5872,2.321,0.1437,26.139,180,0
-1.744,2.3902,0.1568,-13.258,180,0
-1.4558,2.4846,0.1176,0,180,0
-1.487,2.2548,0.1306,0,180,0
-1.696,2.2242,0.1437,0,180,0
-1.5652,2.3906,0.1437,26.139,180,0
-1.3484,2.7032,0.1306,-13.258,180,0
-1.6152,2.413,0.1568,-13.258,180,0
-1.833,2.019,0.1437,-26.139,180,0
-1.3176,2.6802,0.1568,-26.516,180,0
-1.607,2.2062,0.1568,26.139,180,0
-1.4348,2.3048,0.1306,0,180,0
-1.6328,2.302,0.1176,13.258,180,0
-1.4798,2.4134,0.1045,13.258,180,0
-1.4662,2.4074,0.1306,0,180,0
-1.542,2.1882,0.1568,26.139,180,0
-1.5828,2.242,0.1306,-26.139,180,0
-1.6518,2.2648,0.1568,26.139,180,0
-1.54,2.4198,0.1568,-13.258,180,0
-1.5964,2.4864,0.1437,26.139,180,0
-1.61,2.4354,0.1568,-13.258,180,0
-1.8064,2.2986,0.1568,26.139,180,0
-1.6966,2.4806,0.1437,26.139,180,0
-1.5626,2.646,0.1437,-13.258,180,0
-1.9706,2.1792,0.1437,-26.139,180,0
-1.9254,2.0712,0.1306,13.258,180,0
-1.6494,2.4088,0.1437,26.139,180,0
-1.6974,2.2472,0.1306,-26.139,180,0
-1.8478,2.1468,0.1437,-26.139,180,0
-1.901,2.1484,0.1437,-26.139,180,0
-1.5992,2.2,0.1437,0,180,0
-1.4508,2.3154,0.1176,-26.139,180,0
-1.5622,2.3998,0.1437,26.139,180,0
-1.5576,2.3902,0.1306,0,180,0
-1.664,2.2626,0.1829,12.881,180,0
-2.1694,1.6274,0.1829,-26.139,180,0
-1.564,2.1246,0.1306,-26.139,180,0
-1.466,2.3858,0.1699,12.881,180,0
-1.39,2.3316,0.1437,26.139,180,0
-1.5392,2.2032,0.1568,26.139,180,0
-1.561,2.1718,0.1568,26.139,180,0
-1.7994,2.103,0.1568,0,180,0
-1.7328,2.4368,0.1437,26.139,180,0
-1.3928,2.653,0.1306,-13.258,180,0
-1.5176,2.596,0.1437,-13.258,180,0
-1.2812,2.6658,0.1437,12.881,180,0
-1.6874,2.1724,0.1306,-26.139,180,0
-1.6392,2.3752,0.1437,26.139,180,0
-1.9248,2.1478,0.1176,-12.881,180,0
-1.8268,2.3664,0.1699,-13.258,180,0
-1.77,2.2064,0.1176,13.258,180,0
-1.596,2.365,0.1699,12.881,180,0
-1.7364,2.264,0.1437,0,180,0
-1.528,2.3574,0.1437,26.139,180,0
-1.5988,2.1856,0.1437,0,180,0
-1.0114,2.4836,0.1306,-13.258,180,0
-1.1088,2.4266,0.1437,-13.258,180,0
-0.9484,2.613,0.1437,12.881,180,0
-1.7854,2.0556,0.1699,0,180,0
-1.5482,2.27,0.1699,-13.258,180,0
-1.5694,2.2562,0.1437,0,180,0
-1.7148,2.0938,0.1829,-13.258,180,0
-1.503,2.3784,0.1437,26.139,180,0
-1.5614,2.4442,0.1437,26.139,180,0
-1.8336,2.0638,0.1568,0,180,0
-1.6364,2.4406,0.1306,0,180,0
-1.6176,2.4082,0.1306,0,180,0
-1.5442,2.5368,0.1437,-13.258,180,0
-1.9782,2.1334,0.1437,-26.139,180,0
-1.565,2.3514,0.1568,-13.258,180,0
-1.4334,2.557,0.1568,12.881,180,0
-1.6706,1.97,0.1437,-26.139,180,0
-1.6856,2.013,0.1699,26.139,180,0
-1.29,2.2,0.1306,0,180,0
-1.3986,2.2528,0.1699,12.881,180,0
-1.3074,2.415,0.1437,-13.258,180,0
-1.325,2.4254,0.1437,-13.258,180,0
-1.6054,2.2234,0.1699,-13.258,180,0
-1.7072,2.0632,0.1437,-26.139,180,0
-1.5806,2.2158,0.1568,26.139,180,0
-1.5682,2.4322,0.1437,26.139,180,0
-1.922,2.1416,0.1568,0,180,0
-1.663,2.359,0.1437,26.139,180,0
-1.556,2.5384,0.1437,-13.258,180,0
-1.7554,2.2266,0.1437,0,180,0
-1.8654,2.3108,0.1568,26.139,180,0
-1.1606,2.6418,0.1437,-26.516,180,0
-1.72,2.1522,0.1306,-26.139,180,0
-1.7306,2.2342,0.1437,0,180,0
-1.4902,2.5738,0.1568,12.881,180,0
-1.8284,2.1458,0.1306,13.258,180,0
-1.8882,1.9326,0.1568,-26.139,180,0
-1.6048,2.2168,0.1306,-26.139,180,0
-1.502,2.1558,0.1437,0,180,0
-1.2136,2.4392,0.1176,0,180,0
-1.5502,2.265,0.1437,0,180,0
-1.5094,2.49,0.1568,-13.258,180,0
-1.5262,2.1708,0.1437,0,180,0
-1.4592,2.4062,0.1568,-13.258,180,0
-1.185,2.655,0.1306,-13.258,180,0
-1.5276,2.426,0.1176,-26.139,180,0
-1.356,2.4932,0.1176,0,180,0
-1.8964,2.1736,0.1176,-12.881,180,0
-1.4532,2.516,0.1568,12.881,180,0
-1.5828,2.3738,0.1306,0,180,0
-1.7756,2.3076,0.1568,26.139,180,0
-1.5178,2.59,0.1568,12.881,180,0
-1.3376,2.502,0.1699,-26.516,180,0
-1.638,2.23,0.1568,26.139,180,0
-1.7588,2.299,0.1306,-26.139,180,0
-1.8464,2.091,0.1306,13.258,180,0
-1.3732,2.455,0.1699,-26.516,180,0
-1.6658,1.9866,0.1568,0,180,0
-1.446,2.351,0.1568,-13.258,180,0
-1.2582,2.4486,0.1699,-26.516,180,0
-1.5302,2.423,0.1699,12.881,180,0
-1.4234,2.5764,0.1437,-13.258,180,0
-1.5964,2.4366,0.1437,26.139,180,0
-1.5476,2.3702,0.1176,-26.139,180,0
-1.662,2.2232,0.1306,-26.139,180,0
-1.5388,2.3768,0.1568,-13.258,180,0
-1.6706,2.4536,0.1176,-26.139,180,0
-1.7946,2.3028,0.1699,-13.258,180,0
-1.492,2.5162,0.1437,-13.258,180,0
-1.7774,2.2144,0.1306,-26.139,180,0
-1.7216,2.4348,0.1306,0,180,0
-1.534,2.5196,0.1306,26.139,180,0
-1.7886,2.2516,0.1176,13.258,180,0
-1.4564,2.5336,0.1306,26.139,180,0
-1.5818,2.4794,0.1699,12.881,180,0
-1.5498,2.3904,0.1568,-13.258,180,0
-1.4422,2.5508,0.1437,-13.258,180,0
-1.3892,2.5158,0.1568,12.881,180,0
-1.6746,2.3,0.1699,-13.258,180,0
-1.2158,2.7066,0.1568,-26.516,180,0
-1.1576,2.324,0.1306,26.139,180,0
-1.4102,2.1114,0.1568,26.139,180,0
-1.2968,2.3554,0.1437,26.139,180,0
-1.3726,2.4694,0.1437,26.139,180,0
-1.4308,2.2204,0.1568,26.139,180,0
-1.3506,2.3418,0.1568,-13.258,180,0
-1.3458,2.3134,0.1437,26.139,180,0
-1.3918,2.366,0.1176,-26.139,180,0
-1.579,2.2946,0.1437,0,180,0
-1.6956,2.0856,0.1437,-26.139,180,0
-1.337,2.5754,0.1568,12.881,180,0
-1.8024,2.2032,0.1699,26.139,180,0
-1.7158,2.3178,0.1306,-26.139,180,0
-1.8092,2.316,0.1176,13.258,180,0
-1.426,2.4898,0.1437,-13.258,180,0
-1.335,2.5426,0.1437,-13.258,180,0
-1.375,2.492,0.1306,26.139,180,0
-1.786,2.0852,0.1568,0,180,0
-1.08,2.5096,0.1306,-13.258,180,0
-1.378,2.1062,0.1568,26.139,180,0
-1.5636,2.0174,0.1568,0,180,0
-1.3984,2.3406,0.1306,0,180,0
-1.5412,2.4568,0.1306,0,180,0
-1.599,2.2108,0.1699,-13.258,180,0
-1.4038,2.2872,0.1306,0,180,0
-1.3782,2.313,0.1306,0,180,0
-1.259,2.5568,0.1437,-13.258,180,0
-1.5158,2.265,0.1568,26.139,180,0
-1.388,2.3364,0.1568,-13.258,180,0
-1.4984,2.5042,0.1568,12.881,180,0
-1.6126,2.5464,0.1437,-13.258,180,0
-2.0444,2.185,0.1176,-12.881,180,0
-1.367,2.5636,0.1176,26.139,180,0
-1.5436,2.5268,0.1306,26.139,180,0
-1.4482,2.5692,0.1306,26.139,180,0
-1.5746,2.3558,0.1176,-26.139,180,0
-1.7246,2.2344,0.1306,-26.139,180,0
-1.3372,2.3458,0.1568,-13.258,180,0
-1.4256,2.1464,0.1176,13.258,180,0
-1.4574,2.1764,0.1568,26.139,180,0
-1.5174,2.129,0.1568,26.139,180,0
-1.0174,2.146,0.1306,-13.258,180,0
-1.2778,1.943,0.1568,-13.258,180,0
-1.2582,2.1066,0.1045,13.258,180,0
-1.2752,2.5542,0.1306,26.139,180,0
-1.2638,2.5394,0.1568,12.881,180,0
-1.949,2.046,0.1829,26.139,180,0
-1.3572,2.4204,0.1176,0,180,0
-1.6486,2.259,0.1437,0,180,0
-2.0298,2.0444,0.1568,-26.139,180,0
-1.5214,2.3116,0.1699,12.881,180,0
-1.522,2.2336,0.1306,0,180,0
-1.2934,2.244,0.1176,-26.139,180,0
-1.2892,2.3114,0.1568,-13.258,180,0
-1.4598,2.139,0.1437,0,180,0
-1.438,2.3324,0.1568,-13.258,180,0
-1.566,2.4128,0.1176,-26.139,180,0
-1.531,2.3554,0.1437,26.139,180,0
-1.7082,2.2134,0.1176,13.258,180,0
-1.793,2.0256,0.1176,-12.881,180,0
-1.429,2.307,0.1176,-26.139,180,0
-1.434,2.3786,0.1699,12.881,180,0
-1.3616,2.2534,0.1568,-13.258,180,0
-1.3198,2.4572,0.1568,12.881,180,0
-1.5228,2.395,0.1568,-13.258,180,0
-1.5952,2.4708,0.1568,-13.258,180,0
-1.655,2.4022,0.1437,26.139,180,0
-1.709,2.3974,0.1568,-13.258,180,0
-1.7164,2.3612,0.1437,26.139,180,0
-1.9516,2.1422,0.1306,13.258,180,0
-1.8972,2.3352,0.1437,0,180,0
-1.806,2.2122,0.1437,0,180,0
-1.6126,2.3698,0.1437,26.139,180,0
-1.5308,2.3828,0.1437,26.139,180,0
-1.7044,2.3008,0.1176,13.258,180,0
-1.4924,2.3088,0.1437,26.139,180,0
-1.415,2.5686,0.1176,0,180,0
-1.438,2.2334,0.1306,0,180,0
-1.4194,2.4754,0.1437,26.139,180,0
-1.0404,2.5728,0.1437,12.881,180,0
-1.3354,2.3604,0.1699,12.881,180,0
-1.5232,2.2764,0.1699,-13.258,180,0
-1.5454,2.2566,0.1568,26.139,180,0
-1.7184,2.1224,0.1568,0,180,0
-1.4356,2.401,0.1437,26.139,180,0
-2.0208,2.0848,0.196,-13.258,180,0
-1.6076,2.3966,0.1437,26.139,180,0
-1.2294,2.5698,0.1568,-26.516,180,0
-1.6356,2.4438,0.1568,-13.258,180,0
-2.0824,2.0116,0.1306,-12.881,180,0
-1.8198,1.9562,0.1176,-12.881,180,0
-1.4496,2.2318,0.1306,0,180,0
-1.7298,2.2778,0.1437,0,180,0
-1.4242,2.4988,0.1437,-13.258,180,0
-1.5976,2.1534,0.1176,13.258,180,0
-1.6388,2.256,0.1437,0,180,0
-1.7728,2.1128,0.1568,0,180,0
-1.6534,2.2614,0.1699,-13.258,180,0
-1.6114,2.2238,0.1306,-26.139,180,0
-1.7454,2.139,0.1437,-26.139,180,0
-1.343,2.5532,0.1306,26.139,180,0
-1.3966,2.2814,0.1568,-13.258,180,0
-1.5848,2.2604,0.1437,0,180,0
-1.4086,2.3776,0.1306,0,180,0
-1.4264,2.3762,0.1306,0,180,0
-1.6086,2.202,0.1568,26.139,180,0
-1.6526,2.2644,0.1437,0,180,0
-1.6838,2.2768,0.1699,-13.258,180,0
-1.4778,2.5546,0.1437,-13.258,180,0
-1.8574,2.2674,0.1306,-26.139,180,0
-1.7984,2.1822,0.1306,-26.139,180,0
-1.5718,2.5836,0.1437,-13.258,180,0
-1.5808,2.5602,0.1437,-13.258,180,0
-1.8724,2.2828,0.1306,-26.139,180,0
-1.3714,2.642,0.1437,12.881,180,0
-1.913,2.1492,0.1568,0,180,0
-1.896,2.111,0.1437,-26.139,180,0
-1.8846,2.08,0.1568,0,180,0
-1.749,2.2352,0.1306,-26.139,180,0
-1.1344,2.7714,0.1176,-13.258,180,0
-1.4514,2.2884,0.1568,-13.258,180,0
-1.1658,2.3614,0.1176,0,180,0
-0.9256,2.8202,0.1568,-0.377,180,0
-1.7426,1.9664,0.1568,-26.139,180,0
-1.3132,2.3144,0.1437,26.139,180,0
-1.3584,2.4084,0.1306,0,180,0
-1.2486,2.5152,0.1306,26.139,180,0
-1.2542,2.529,0.1306,26.139,180,0
-1.3902,2.3728,0.1306,0,180,0
-1.5018,2.3068,0.1437,26.139,180,0
-1.8672,2.1574,0.2091,-26.516,180,0
-1.7248,2.2588,0.1306,-26.139,180,0
-1.7788,2.337,0.1437,0,180,0
-1.5854,2.097,0.1176,13.258,180,0
-1.2354,2.4114,0.1176,0,180,0
-2.0732,1.8256,0.1699,-26.139,180,0
-1.5986,2.1744,0.1437,0,180,0
-1.6064,2.1566,0.1437,0,180,0
-1.335,2.4992,0.1568,12.881,180,0
-1.712,2.2806,0.1437,0,180,0
-1.4994,2.3226,0.1568,-13.258,180,0
-1.4022,2.5478,0.1437,-13.258,180,0
-1.7908,2.0852,0.1568,0,180,0
-1.6396,2.2196,0.1437,0,180,0
-1.592,2.2086,0.1699,-13.258,180,0
-1.5466,2.2078,0.1568,26.139,180,0
-1.2488,2.4382,0.1437,-13.258,180,0
-1.6736,2.385,0.1568,-13.258,180,0
-1.4936,2.6344,0.1568,-26.516,180,0
-1.2928,2.5564,0.1437,12.881,180,0
-1.6728,1.9808,0.1306,-26.139,180,0
-1.5056,2.272,0.1437,26.139,180,0
-1.155,2.5122,0.1306,-13.258,180,0
-1.6114,2.2534,0.1699,-13.258,180,0
-1.7454,2.1002,0.1045,26.516,180,0
-1.3722,2.581,0.1437,-13.258,180,0
-1.6666,2.2606,0.1306,-26.139,180,0
-2.0036,1.983,0.1306,-12.881,180,0
-1.5628,2.3556,0.1568,-13.258,180,0
-1.8886,2.1398,0.1176,-12.881,180,0
-1.6288,2.1928,0.1437,0,180,0
-1.294,2.1266,0.1437,26.139,180,0
-1.4224,2.0754,0.1437,0,180,0
-1.5086,2.0028,0.1568,0,180,0
-1.2824,2.42,0.1437,26.139,180,0
-1.2714,2.3482,0.1437,26.139,180,0
-1.354,2.3516,0.1568,-13.258,180,0
-1.5584,2.2132,0.1306,-26.139,180,0
-1.62,2.2564,0.1306,-26.139,180,0
-1.5174,2.3802,0.1437,26.139,180,0
-1.3276,2.4286,0.1306,26.139,180,0
-1.4512,2.5408,0.1568,12.881,180,0
-1.7786,2.3162,0.1699,-13.258,180,0
-1.7142,2.238,0.196,-26.516,180,0
-1.6174,2.3982,0.1568,-13.258,180,0
-1.8372,2.3216,0.1437,0,180,0
-1.712,2.4606,0.1306,0,180,0
-1.3418,2.6126,0.1437,12.881,180,0
-1.3536,2.3684,0.1568,12.881,180,0
-1.649,2.163,0.1437,0,180,0
-1.6118,2.4794,0.1437,26.139,180,0
-2.3154,1.7366,0.1437,26.516,180,0
-1.674,2.2106,0.1568,26.139,180,0
-1.5652,2.3954,0.1306,0,180,0
-1.6032,2.3778,0.1176,-26.139,180,0
-1.8476,2.108,0.1437,-26.139,180,0
-1.5456,2.371,0.1437,26.139,180,0
-1.85,2.1856,0.1699,26.139,180,0
-1.3058,2.4488,0.1306,26.139,180,0
-1.305,2.4496,0.1176,0,180,0
-1.6248,2.2524,0.1306,-26.139,180,0
-1.3646,2.5176,0.1176,0,180,0
-1.3168,2.4672,0.1568,12.881,180,0
-1.6354,2.158,0.1306,-26.139,180,0
-1.7324,2.234,0.1306,-26.139,180,0
-1.8706,2.1054,0.1306,13.258,180,0
-1.5226,2.5436,0.1437,-13.258,180,0
-1.667,2.339,0.1437,26.139,180,0
-1.699,2.3694,0.1829,-26.516,180,0
-1.3896,2.6558,0.1568,-26.516,180,0
-1.4646,2.4764,0.1437,-13.258,180,0
-1.4708,2.5104,0.1176,0,180,0
-1.836,2.0756,0.1306,13.258,180,0
-1.1282,2.785,0.1437,-26.516,180,0
-2.0254,2.0784,0.1699,0,180,0
-1.6144,2.4076,0.1306,0,180,0
-1.9992,1.9156,0.1306,-12.881,180,0
-1.5052,2.3092,0.1306,0,180,0
-1.8048,2.1276,0.1829,-13.258,180,0
-1.6116,2.2016,0.1437,0,180,0
-1.3026,2.1956,0.1306,0,180,0
-1.0454,2.3168,0.1568,12.881,180,0
-1.3544,2.245,0.1176,13.258,180,0
-1.3234,2.2378,0.1437,0,180,0
-1.7108,-0.7078,-0.013,-26.139,0,0
-1.5674,-0.7202,-0.013,-26.139,0,0
-1.2622,-0.7076,0,26.139,0,0
-1.2584,-0.846,0,0,0,0
-1.086,-0.968,-0.013,-26.139,0,0
-0.9678,-1.0224,-0.013,-26.139,0,0
-0.7972,-1.1214,-0.013,-26.139,0,0
-0.7002,-1.1838,0,0,0,0
-0.5464,-1.3372,0,0,0,0
-0.4196,-1.457,0,0,0,0
-0.2982,-1.5642,0,0,0,0
0.0486,-1.4388,0,-13.258,0,0
-0.0446,-1.7712,0,0,0,0
0.5152,-1.9434,-0.0261,13.258,0,0
0.6716,-1.9224,-0.013,-26.139,0,0
0.9744,-1.847,-0.013,0,0,0
2.146,3.0926,0.0653,0,225,0
1.9496,2.4746,0.1306,0,225,0
-2.4698,1.642,0.2221,13.258,225,0
-1.7386,2.223,0.196,-13.258,225,0
-2.0022,2.182,0.1699,-26.139,225,0
-1.6842,2.5028,0.1568,0,225,0
-1.5458,2.3994,0.1699,26.139,225,0
-1.4412,2.3774,0.1568,0,225,0
-1.4034,2.4578,0.1699,26.139,225,0
-1.5668,2.3454,0.1699,0,225,0
-1.459,2.4782,0.1699,26.139,225,0
-1.7514,2.2134,0.1699,-26.139,225,0
-1.83,2.1064,0.2352,12.881,225,0
-1.4808,2.193,0.1699,0,225,0
-1.6272,2.1596,0.1829,0,225,0
-1.4478,2.3048,0.196,-13.258,225,0
-1.6472,2.1782,0.1437,-12.881,225,0
-1.6432,2.1664,0.1699,-26.139,225,0
-1.7032,2.2482,0.2221,12.881,225,0
-1.4746,2.4376,0.1829,-13.258,225,0
-1.584,2.488,0.1829,-13.258,225,0
-1.717,2.361,0.1829,26.139,225,0
-2.0326,2.0896,0.1699,13.258,225,0
-2.2374,1.966,0.1829,13.258,225,0
-1.28,2.7534,0.1568,-13.258,225,0
-1.6816,2.3508,0.1829,26.139,225,0
-1.7138,2.379,0.1699,0,225,0
-1.9156,2.0574,0.1568,-12.881,225,0
-1.5334,2.5644,0.1568,0,225,0
-1.85,1.933,0.1829,-26.138,225,0
-1.336,2.3066,0.1568,0,225,0
-1.7908,2.046,0.1829,-26.139,225,0
-1.6066,2.177,0.196,26.139,225,0
-1.415,2.2496,0.1568,-26.139,225,0
-1.1532,2.3802,0.196,12.881,225,0
-1.2486,2.2596,0.2091,12.881,225,0
-1.5226,2.387,0.1699,0,225,0
-2.0628,1.9826,0.196,-26.139,225,0
-1.9208,2.0904,0.196,0,225,0
-1.8518,2.2648,0.1568,13.258,225,0
-1.661,2.2616,0.1437,13.258,225,0
-1.755,2.358,0.1437,13.258,225,0
-1.068,2.8032,0.1306,26.139,225,0
-1.235,2.4548,0.1568,26.139,225,0
-1.5186,2.2402,0.1829,26.139,225,0
-1.0466,2.7032,0.1568,-13.258,225,0
-1.311,2.0172,0.1829,26.138,225,0
-1.1946,2.0278,0.1699,0,225,0
-1.1588,2.3226,0.1829,-13.258,225,0
-1.645,2.1628,0.196,26.139,225,0
-1.3624,2.4384,0.1699,26.139,225,0
-1.2854,2.6428,0.1568,26.139,225,0
-1.4914,2.244,0.1829,26.139,225,0
-1.5936,2.3156,0.1829,26.139,225,0
-1.5872,2.2876,0.1699,0,225,0
-1.781,2.2422,0.1829,0,225,0
-1.743,2.4286,0.1699,0,225,0
-1.7574,2.2242,0.1829,26.139,225,0
-1.6382,2.312,0.196,-13.258,225,0
-1.5146,2.4854,0.2091,-26.516,225,0
-1.4516,2.3262,0.1699,26.139,225,0
-1.6158,2.2422,0.1306,-12.881,225,0
-1.7366,2.1726,0.1829,0,225,0
-2.0876,1.9342,0.1699,-12.881,225,0
-1.3178,2.5834,0.1699,-13.258,225,0
-1.569,2.31,0.1437,13.258,225,0
-1.51,2.2628,0.196,-13.258,225,0
-1.471,1.9838,0.1568,13.258,225,0
-1.2048,2.1858,0.196,-13.258,225,0
1.5362,-2.11,-0.013,0,0,0
2.3042,3.3312,0,0,270,0
0.378,1.3558,0.2483,-12.881,270,0
0.5594,1.5198,0.3005,-13.258,270,0
0.1814,2.0492,0.2613,26.139,270,0
-0.5564,2.411,0.2875,-26.516,270,0
-1.8972,2.01,0.3005,-13.258,270,0
-2.0188,1.9866,0.2483,0,270,0
-2.0188,2.2754,0.2744,-26.516,270,0
-1.6092,2.3164,0.196,0,270,0
-1.74,2.2448,0.2352,-13.258,270,0
-1.2982,2.7066,0.1699,0,270,0
-1.871,1.9424,0.2352,0,270,0
-1.6088,2.3284,0.1829,13.258,270,0
-1.5742,2.1192,0.2091,-26.139,270,0
-1.4622,1.9996,0.2091,-26.139,270,0
-1.1546,2.3544,0.2483,-26.516,270,0
-1.6698,2.079,0.2352,0,270,0
-1.371,2.351,0.2221,26.139,270,0
-1.911,1.988,0.2613,26.139,270,0
-1.4594,2.5038,0.2352,12.881,270,0
-1.5994,2.2664,0.2091,0,270,0
-1.599,2.4916,0.2352,12.881,270,0
-1.7096,2.2286,0.2352,-13.258,270,0
-1.6058,2.4426,0.2091,26.139,270,0
-1.7926,2.1446,0.2352,26.139,270,0
-1.6156,2.2858,0.2221,26.139,270,0
-1.379,2.3696,0.196,0,270,0
-1.355,2.3776,0.2091,26.139,270,0
-1.3674,2.4598,0.2221,-13.258,270,0
-1.4254,2.402,0.2221,-13.258,270,0
-1.8116,2.0284,0.2744,12.881,270,0
-1.3006,2.5518,0.196,26.139,270,0
-1.9822,1.8994,0.2221,13.258,270,0
-1.847,1.9828,0.2091,13.258,270,0
-1.2228,2.4614,0.196,26.139,270,0
-1.6734,2.3618,0.2221,26.139,270,0
-1.6712,2.3098,0.2221,26.139,270,0
-2.0636,2.1114,0.2744,12.881,270,0
-1.3678,2.4752,0.2221,12.881,270,0
-1.8038,2.3448,0.196,-26.139,270,0
-1.6032,2.4194,0.2091,26.139,270,0
-1.9608,2.2758,0.2091,-26.139,270,0
-1.7586,2.3638,0.2352,-13.258,270,0
-1.9616,1.9682,0.2352,0,270,0
-1.1702,2.2672,0.2091,-13.258,270,0
-1.4968,1.836,0.2221,0,270,0
-1.4066,2.2532,0.1829,13.258,270,0
-1.6966,1.9494,0.2221,-26.139,270,0
-1.1948,2.0508,0.2221,26.139,270,0
-1.2768,2.1968,0.1829,13.258,270,0
-1.4184,2.3302,0.2091,0,270,0
-1.533,2.3694,0.2483,12.881,270,0
-1.9968,1.9242,0.2221,13.258,270,0
-1.84,2.1906,0.2221,0,270,0
-1.8262,2.13,0.2221,0,270,0
-1.9538,1.9042,0.2221,-26.138,270,0
-1.9738,1.9286,0.2221,-26.139,270,0
-2.475,1.3672,0.2483,-12.881,270,0
-1.5042,2.2526,0.2483,12.881,270,0
-2.0828,1.7312,0.2744,26.139,270,0
-1.3254,2.4904,0.2221,12.881,270,0
-1.2896,2.5996,0.2221,12.881,270,0
-1.8086,2.2536,0.2613,12.881,270,0
-1.4254,2.3838,0.196,0,270,0
-1.739,2.2108,0.2483,-13.258,270,0
-1.4956,2.4356,0.196,0,270,0
-1.2386,2.698,0.1699,0,270,0
-1.512,2.1286,0.2221,26.139,270,0
-1.4756,2.2934,0.2091,26.139,270,0
-1.4286,2.5968,0.2352,-26.516,270,0
-1.952,1.9206,0.196,-12.881,270,0
-1.9916,2.1542,0.2352,26.139,270,0
-1.3964,2.5312,0.2483,-0.377,270,0
-1.2882,2.6746,0.2091,12.881,270,0
-1.2858,2.685,0.2352,-0.377,270,0
-1.5866,2.2092,0.2613,-26.516,270,0
-1.9218,1.9678,0.2221,-26.139,270,0
-1.567,2.203,0.1437,0.377,270,0
-1.5438,2.3132,0.196,-26.139,270,0
-1.3268,2.1326,0.196,-26.139,270,0
-0.993,2.4432,0.1568,13.258,270,0
-1.4016,2.1248,0.2091,-26.139,270,0
-1.7874,2.128,0.2875,-26.516,270,0
-1.491,2.491,0.2091,26.139,270,0
-1.705,2.4386,0.2744,-0.377,270,0
-1.8402,2.172,0.2352,26.139,270,0
-1.3362,2.7568,0.2091,12.881,270,0
-1.8814,2.1698,0.2352,26.139,270,0
-1.9882,2.0114,0.2483,26.139,270,0
-1.3394,2.5388,0.2091,-13.258,270,0
-1.804,2.1286,0.2352,26.138,270,0
-1.7858,2.1252,0.2221,0,270,0
-1.3702,2.36,0.196,0,270,0
-1.4922,2.4828,0.2613,-0.377,270,0
-1.5902,2.5278,0.2091,26.139,270,0
-1.642,2.3394,0.2352,-13.258,270,0
-1.2244,2.7136,0.1829,26.139,270,0
-1.6608,2.107,0.2613,12.881,270,0
-1.7224,2.1568,0.2352,26.139,270,0
-1.7536,2.0442,0.2221,0,270,0
-1.8436,2.22,0.2091,-26.139,270,0
-1.9926,2.0298,0.2221,-26.139,270,0
-1.7726,2.2856,0.2091,0,270,0
-1.2806,2.659,0.2221,-26.516,270,0
-1.6456,2.4492,0.2091,26.139,270,0
-1.6118,2.4404,0.196,0,270,0
-1.7662,2.3728,0.2091,0,270,0
-1.7712,2.3208,0.196,-26.139,270,0
-1.4046,2.5366,0.2091,-13.258,270,0
-2.5364,1.4114,0.2352,26.516,270,0
-1.2716,2.4054,0.2221,12.881,270,0
-1.1298,2.673,0.1699,0,270,0
-1.3272,2.4228,0.2483,-26.516,270,0
-1.1416,2.2114,0.196,0,270,0
-1.1596,2.3524,0.196,0,270,0
-1.8752,1.9462,0.2744,-13.258,270,0
-2.1062,1.7878,0.2613,0,270,0
-1.5632,2.3018,0.2352,-13.258,270,0
-2.1592,1.953,0.2483,0,270,0
-1.5622,2.4084,0.2091,26.139,270,0
-1.1604,2.8926,0.2613,12.504,270,0
-1.3014,2.12,0.196,0,270,0
-0.8952,2.7316,0.196,12.881,270,0
-1.966,1.919,0.2613,26.139,270,0
-1.8244,1.9502,0.2091,13.258,270,0
-1.254,2.5566,0.196,26.139,270,0
-1.6848,2.0146,0.2091,-26.139,270,0
-1.3042,2.5834,0.2091,-13.258,270,0
-1.3324,2.5808,0.2221,12.881,270,0
-1.7658,2.195,0.196,13.258,270,0
-1.289,2.5376,0.2221,12.881,270,0
-1.6544,2.1194,0.196,13.258,270,0
-1.1702,2.3346,0.2091,-13.258,270,0
-1.9308,1.8072,0.2091,-12.881,270,0
-1.4722,2.4786,0.2352,12.881,270,0
-2.0876,1.8664,0.2352,-26.139,270,0
-1.4572,2.5854,0.196,26.139,270,0
-2.025,2.034,0.2352,0,270,0
-2.2898,1.6932,0.2483,-26.139,270,0
-1.7144,2.2556,0.1829,13.258,270,0
-1.5682,2.4088,0.2091,26.139,270,0
-1.704,2.0604,0.2221,0,270,0
-1.282,2.2712,0.2483,-26.516,270,0
-1.6432,2.1724,0.196,13.258,270,0
-0.9376,2.64,0.2221,-26.516,270,0
-1.3666,2.2354,0.2352,-13.258,270,0
-1.3594,2.4194,0.2091,26.139,270,0
-1.4626,2.4886,0.2613,-0.377,270,0
-1.8264,2.1858,0.2091,-26.139,270,0
-1.9048,2.2244,0.196,13.258,270,0
-1.7966,2.3606,0.2091,0,270,0
-1.5562,2.6028,0.196,26.139,270,0
-1.8136,2.3342,0.3267,-26.893,270,0
-1.6242,2.146,0.2221,26.139,270,0
-1.382,2.5512,0.1829,0,270,0
-1.7696,2.1856,0.2483,-13.258,270,0
-1.2936,2.4826,0.2352,-26.516,270,0
-1.7386,2.1142,0.196,13.258,270,0
-1.3176,2.2464,0.196,0,270,0
-1.6334,2.3164,0.2221,26.139,270,0
-1.2064,2.7184,0.2352,-0.377,270,0
-1.288,2.5282,0.196,26.139,270,0
-1.6814,2.0788,0.2221,0,270,0
-1.4358,2.3758,0.1829,-26.139,270,0
-1.3634,2.609,0.2091,-13.258,270,0
-2.1148,1.9084,0.2483,0,270,0
-1.1466,2.521,0.1699,0,270,0
-1.7548,2.0264,0.2221,0,270,0
-1.453,2.5512,0.1568,13.258,270,0
-1.7916,2.3884,0.2483,12.881,270,0
-1.8026,2.047,0.2875,-0.377,270,0
-1.59,2.3994,0.1829,-26.139,270,0
-1.703,2.3246,0.2221,26.139,270,0
-1.9588,1.9936,0.2091,13.258,270,0
-1.2642,2.4534,0.1829,0,270,0
-1.2474,2.5112,0.1829,0,270,0
-1.0884,2.7068,0.2613,-13.635,270,0
-1.889,1.6276,0.2352,13.258,270,0
-1.2622,2.402,0.2091,26.139,270,0
-1.5436,2.0642,0.2352,26.139,270,0
-1.7044,2.2092,0.1699,26.516,270,0
-0.893,2.9372,0.1437,0,270,0
-1.308,2.3446,0.2091,-13.258,270,0
-1.513,2.4798,0.2352,12.881,270,0
-2.0238,2.0912,0.2352,0,270,0
-1.9292,2.1332,0.1829,-12.881,270,0
-1.2756,2.379,0.2221,12.881,270,0
-1.9762,2.0426,0.2483,26.139,270,0
-1.9246,1.9952,0.196,-12.881,270,0
-1.4428,2.1662,0.2221,26.139,270,0
-1.524,2.2216,0.2091,0,270,0
-2.2296,1.5648,0.2483,13.258,270,0
-1.2882,2.5584,0.2091,-13.258,270,0
-1.4852,2.452,0.2352,12.881,270,0
-1.5236,2.2958,0.2221,26.139,270,0
-1.4188,2.4482,0.2352,12.881,270,0
-1.6994,2.2552,0.196,-26.139,270,0
-1.3576,2.5864,0.1699,-26.139,270,0
-2.114,1.8942,0.2221,13.258,270,0
-2.1944,1.9162,0.2091,-12.881,270,0
-1.6578,2.2224,0.2221,26.139,270,0
-1.7366,2.2458,0.196,-26.139,270,0
-1.2184,2.8908,0.1699,26.139,270,0
-2.015,1.747,0.2352,-26.139,270,0
-1.9212,2.182,0.2091,-26.139,270,0
-1.1134,2.7878,0.1829,-13.258,270,0
-2.0056,2.0252,0.2221,-26.139,270,0
-1.4884,2.3676,0.2091,26.138,270,0
-1.0166,2.8204,0.1568,0,270,0
-1.2122,2.5688,0.2483,-0.377,270,0
-1.5984,2.1238,0.2352,26.139,270,0
-1.4956,2.0648,0.2221,0,270,0
-1.5598,2.0732,0.2352,26.139,270,0
-1.4868,2.2578,0.1829,13.258,270,0
-1.5068,2.2766,0.2221,26.139,270,0
-1.4436,2.332,0.2091,26.139,270,0
-1.891,2.0104,0.2091,13.258,270,0
-1.915,2.0068,0.2483,26.139,270,0
-2.4178,1.5986,0.2613,-26.138,270,0
-1.1958,2.5902,0.1829,26.139,270,0
-1.1892,2.6194,0.2091,12.881,270,0
-1.4042,2.6074,0.2221,12.881,270,0
-2.1276,1.6632,0.2744,26.139,270,0
-1.402,2.2364,0.196,0,270,0
-1.6358,2.2346,0.2352,-13.258,270,0
-2.0216,1.6788,0.2221,-12.881,270,0
-1.3238,2.3456,0.2091,26.139,270,0
-1.6482,2.1332,0.2221,0,270,0
-0.7966,2.9054,0.1829,12.881,270,0
-1.703,2.1014,0.2483,-13.258,270,0
-1.53,2.41,0.196,0,270,0
-1.1902,2.6254,0.2221,-26.516,270,0
-1.903,2.1568,0.196,13.258,270,0
-1.433,2.4672,0.196,26.139,270,0
-2.0146,2.0006,0.2221,-26.138,270,0
-2.0634,1.9876,0.1829,26.516,270,0
-1.0626,2.9696,0.1829,12.881,270,0
-1.5698,2.4236,0.2221,-13.258,270,0
-1.8772,2.1552,0.2091,-26.139,270,0
-1.3304,2.4952,0.1829,0,270,0
-1.586,2.2982,0.2483,12.881,270,0
-1.297,2.5648,0.2221,12.881,270,0
-1.4288,2.2218,0.196,-26.139,270,0
-1.6286,2.1788,0.2091,-26.139,270,0
-1.3172,2.3742,0.2352,12.881,270,0
-1.2392,2.5536,0.2091,-13.258,270,0
-1.9698,2.0982,0.2613,-13.258,270,0
-1.4992,2.391,0.2221,-13.258,270,0
-2.0124,2.076,0.2352,0,270,0
-2.1402,1.8668,0.2483,0,270,0
-1.4402,2.581,0.196,26.139,270,0
-1.8666,2.1354,0.2613,12.881,270,0
-1.8794,2.1428,0.2221,0,270,0
-1.7832,2.1352,0.196,13.258,270,0
-1.5412,2.5266,0.2352,12.881,270,0
-1.3498,2.56,0.2352,-26.516,270,0
-1.537,2.2578,0.2352,-13.258,270,0
-1.7632,2.173,0.2091,-26.139,270,0
-1.2482,2.7316,0.2091,12.881,270,0
-1.5682,2.2326,0.2221,26.139,270,0
-1.7642,2.1742,0.196,13.258,270,0
-1.2786,2.5674,0.2352,-26.516,270,0
-1.7576,2.2074,0.1829,-12.881,270,0
-1.3876,2.6308,0.2352,-26.516,270,0
-2.1074,1.9548,0.3136,-0.377,270,0
-1.353,2.532,0.2352,-26.516,270,0
-1.5798,2.4274,0.2352,12.881,270,0
-1.5436,2.3386,0.2221,-13.258,270,0
-1.4078,2.5492,0.2483,-0.377,270,0
-2.2478,1.721,0.2613,0,270,0
-1.8688,2.1614,0.2221,0,270,0
-1.658,2.2408,0.196,-26.139,270,0
-1.3858,2.5746,0.2091,-13.258,270,0
-1.9972,1.8708,0.196,26.516,270,0
-1.1708,2.72,0.2221,-26.516,270,0
-1.2074,2.5438,0.2221,12.881,270,0
-1.3696,2.15,0.2091,0,270,0
-1.4758,2.3038,0.2221,26.139,270,0
-1.2598,2.31,0.2483,-26.516,270,0
-1.5574,2.3162,0.2091,0,270,0
-1.3042,2.6294,0.2221,12.881,270,0
-1.903,2.0582,0.2352,0,270,0
-1.7266,2.3604,0.2221,26.139,270,0
-1.6704,2.5228,0.196,0,270,0
-1.7858,2.2884,0.2221,26.139,270,0
-2.1742,1.8664,0.2744,-13.258,270,0
-1.4466,2.288,0.196,0,270,0
-1.2094,2.4302,0.196,26.139,270,0
-1.5018,2.2798,0.2483,12.881,270,0
-1.3926,2.4212,0.196,0,270,0
-1.858,2.0366,0.2091,13.258,270,0
-1.598,2.2854,0.1829,13.258,270,0
-1.6332,2.3064,0.196,-26.139,270,0
-1.5994,2.3,0.2483,12.881,270,0
-1.6156,2.3222,0.2091,0,270,0
-1.7248,2.1256,0.2483,-13.258,270,0
-1.1226,2.8868,0.1699,26.139,270,0
-1.5306,2.4174,0.2091,26.139,270,0
-2.3826,1.8346,0.2221,-12.881,270,0
-1.7704,2.3428,0.2221,26.139,270,0
-1.9126,2.1744,0.2221,0,270,0
-1.3936,2.744,0.1829,26.139,270,0
-1.6352,2.2074,0.2091,0,270,0
-1.7894,1.7778,0.2221,-26.139,270,0
-1.5344,2.412,0.196,0,270,0
-1.3896,2.3602,0.2352,12.881,270,0
-1.4954,2.21,0.2091,0,270,0
-1.009,2.6576,0.1829,26.138,270,0
-1.3124,2.3634,0.2221,-13.258,270,0
-1.4586,2.1732,0.196,-26.139,270,0
-1.0928,2.7166,0.196,-13.258,270,0
-1.7362,2.1478,0.196,13.258,270,0
-1.5592,2.4604,0.2483,-26.516,270,0
-1.8942,2.2564,0.2483,-13.258,270,0
-1.9048,2.147,0.2352,26.139,270,0
-1.3616,2.6584,0.196,-13.258,270,0
-1.5598,2.3816,0.2221,-13.258,270,0
-1.9152,1.9344,0.2744,12.881,270,0
-1.4306,2.2902,0.1829,-26.139,270,0
-1.5528,2.2128,0.2091,0,270,0
-1.4334,2.387,0.2483,-26.516,270,0
-1.9698,2.0986,0.2221,-26.139,270,0
-2.1798,1.666,0.2221,-12.881,270,0
-1.7216,2.3186,0.2091,0,270,0
-1.7966,2.1754,0.2352,26.139,270,0
-1.7252,2.0298,0.2221,0,270,0
-1.7468,2.3484,0.2483,12.881,270,0
-1.6704,2.2406,0.1699,-12.881,270,0
-2.2306,1.6852,0.2483,-26.139,270,0
-1.9936,1.9442,0.2091,13.258,270,0
-1.3528,2.4074,0.2091,-13.258,270,0
-2.0104,1.949,0.2091,13.258,270,0
-1.0992,2.7262,0.1568,0,270,0
-1.2484,2.6938,0.2091,12.881,270,0
-1.5174,2.3362,0.2613,-0.377,270,0
-1.8364,2.1534,0.196,13.258,270,0
-1.4552,2.361,0.1829,-26.139,270,0
-1.598,2.2898,0.2483,12.881,270,0
-1.6916,2.1478,0.2613,12.881,270,0
-1.345,2.3698,0.1829,-26.139,270,0
-0.9324,2.8296,0.196,12.881,270,0
-2.0064,1.7658,0.3005,12.881,270,0
-1.3786,2.4116,0.2091,26.139,270,0
-1.2208,2.5204,0.2352,-26.516,270,0
-1.7936,1.9392,0.2221,-26.139,270,0
-1.5128,2.3844,0.196,0,270,0
-1.966,2.2494,0.2221,0,270,0
-2.3436,-1.8288,0.1306,0,0,0
-1.4058,-2.5446,0.0522,-26.139,0,0
-1.1658,-1.8328,0,0,0,0
-1.2148,-1.4448,-0.0261,-26.139,0,0
-0.7538,-1.4546,-0.0261,0,0,0
-0.4858,-1.4552,-0.0261,0,0,0
-0.1922,-1.4746,-0.0261,0,0,0
0.145,-1.528,-0.0261,0,0,0
0.2606,-1.6222,-0.0392,13.258,0,0
0.7968,-1.4556,-0.0261,26.139,0,0
0.8316,-1.7442,-0.0261,-26.139,0,0
1.116,-1.6584,0,-13.258,0,0
1.2542,-1.9,0,26.139,0,0
1.3348,-2.1374,0,0,0,0
1.524,-2.2848,0,0,0,0
1.7706,-2.2358,-0.013,0,0,0
1.8974,-2.2644,-0.013,0,0,0
2.0694,-2.3064,-0.013,0,0,0
2.1538,-2.2804,-0.013,0,0,0
2.2694,-2.2392,0,26.139,0,0
0.0912,2.5304,0.2352,13.258,315,0
0.8686,1.8604,0.2744,-26.139,315,0
0.8406,2.0048,0.2613,-26.139,315,0
-0.2446,2.0334,0.3005,0,315,0
-1.085,2.3674,0.3005,26.139,315,0
-1.4408,2.5224,0.3136,-26.516,315,0
-1.8918,2.3246,0.2744,26.139,315,0
-1.527,2.5908,0.2744,-26.516,315,0
-1.0748,2.8566,0.1568,13.258,315,0
-1.2482,2.2876,0.2352,26.139,315,0
-1.69,2.301,0.2744,-13.258,315,0
-1.7524,2.3736,0.2875,12.881,315,0
-2.3596,1.717,0.3005,0,315,0
-1.797,2.3338,0.2091,-12.881,315,0
-1.981,2.2382,0.2483,-26.139,315,0
-1.6504,2.3386,0.2483,26.139,315,0
-1.9152,2.115,0.2875,-13.258,315,0
-2.1852,1.7456,0.2875,0,315,0
-1.1998,2.633,0.2221,26.139,315,0
-1.3966,2.6246,0.2744,-26.516,315,0
-1.5328,2.4308,0.2875,-26.516,315,0
-1.6078,2.186,0.2091,-12.881,315,0
-1.8804,1.9432,0.2483,13.258,315,0
-1.3432,2.1266,0.2352,-26.139,315,0
-1.8832,1.868,0.2744,-26.139,315,0
-1.2438,2.531,0.2613,12.881,315,0
-1.7002,2.3264,0.2613,26.139,315,0
-2.0094,2.2468,0.2875,-13.258,315,0
-2.1184,2.0218,0.3267,-26.516,315,0
-2.4498,0.9592,0.3267,-26.139,315,0
-1.3166,2.1406,0.2221,-26.139,315,0
-1.4888,2.2276,0.2744,-13.258,315,0
-1.4192,2.4112,0.2744,12.881,315,0
-1.4574,2.4462,0.2875,-26.516,315,0
-1.9474,1.941,0.2613,-26.139,315,0
-1.5238,2.3612,0.2875,-26.516,315,0
-1.346,2.4808,0.2352,26.139,315,0
-1.489,2.3754,0.2613,-13.258,315,0
-1.51,2.3972,0.2483,26.139,315,0
-1.4094,2.5176,0.2744,-26.516,315,0
-1.551,2.6402,0.2221,0,315,0
-1.6174,2.354,0.2483,26.139,315,0
-1.6712,2.4072,0.2352,0,315,0
-1.6794,2.1912,0.2744,-13.258,315,0
-1.4046,2.8334,0.2744,-0.377,315,0
-1.737,2.0172,0.2875,-13.258,315,0
-1.704,2.2846,0.2483,0,315,0
-1.801,2.0812,0.2483,-26.139,315,0
-1.7266,2.0556,0.2613,0,315,0
-1.4186,2.3748,0.2875,-26.516,315,0
-1.4288,2.18,0.2483,0,315,0
-1.5354,2.3344,0.2483,0,315,0
-1.2806,2.5262,0.2613,12.881,315,0
-1.7224,2.3564,0.2483,0,315,0
-1.809,2.3476,0.2221,13.258,315,0
-1.5212,2.5226,0.2483,-13.258,315,0
-1.8112,2.4964,0.2352,0,315,0
-1.7664,2.1834,0.2875,12.881,315,0
-1.7092,2.1696,0.2352,-26.139,315,0
-1.8084,2.1102,0.2352,13.258,315,0
-1.196,2.6508,0.2744,-0.377,315,0
-1.4834,2.4004,0.2613,-13.258,315,0
-1.4,2.5014,0.2483,-13.258,315,0
-1.696,2.2824,0.2483,0,315,0
-1.5472,2.1348,0.3136,-0.377,315,0
-1.1604,2.6364,0.2744,-0.377,315,0
-1.3502,2.5614,0.2483,-13.258,315,0
-1.442,2.55,0.2483,-13.258,315,0
-2.3124,1.723,0.2744,13.258,315,0
-2.4172,1.7852,0.2875,-26.139,315,0
-1.6148,2.6146,0.2483,-13.258,315,0
-2.0008,1.8618,0.2744,0,315,0
-1.3904,2.4644,0.2613,12.881,315,0
-0.8698,3.0674,0.2091,12.881,315,0
-1.3028,2.6608,0.2352,-13.258,315,0
-1.6656,2.2704,0.2744,-13.258,315,0
-1.3212,2.5042,0.2613,12.881,315,0
-1.2862,2.5228,0.2483,-13.258,315,0
-1.1456,2.461,0.2613,12.881,315,0
-1.0584,2.6918,0.2091,0,315,0
-1.5376,2.1318,0.2483,-26.139,315,0
-1.6042,2.3328,0.2613,26.139,315,0
-1.5974,2.3076,0.2875,12.881,315,0
-1.9252,2.1774,0.2744,26.139,315,0
-2.1534,2.0768,0.2483,13.258,315,0
-1.5984,2.6136,0.2613,12.881,315,0
-1.5994,2.5262,0.2483,-13.258,315,0
-1.3462,2.6612,0.2483,12.881,315,0
-1.5936,2.401,0.2483,26.139,315,0
-1.3766,2.511,0.2352,26.139,315,0
-1.2224,2.6298,0.2352,-13.258,315,0
-1.3934,2.5136,0.2352,26.139,315,0
-1.5616,2.2196,0.2744,-13.258,315,0
-1.7726,2.1456,0.2744,26.139,315,0
-1.5098,2.4892,0.2352,0,315,0
-1.692,2.3106,0.2483,0,315,0
-2.1272,1.8648,0.3005,26.139,315,0
-1.7258,2.219,0.2352,-26.139,315,0
-1.927,2.1026,0.2613,0,315,0
-2.289,1.6458,0.2744,13.258,315,0
-1.5604,2.2718,0.2483,26.139,315,0
-1.0102,2.7148,0.2613,-0.377,315,0
-1.2852,2.7248,0.2744,-0.377,315,0
-1.6582,2.463,0.2221,-26.139,315,0
-1.673,2.2838,0.2352,-26.139,315,0
-1.5088,2.3896,0.2352,0,315,0
-1.0532,2.671,0.2352,-13.258,315,0
-1.8212,2.0098,0.2744,0,315,0
-1.726,2.0466,0.2613,0,315,0
-1.086,2.5678,0.2221,26.139,315,0
-1.577,2.159,0.2613,26.139,315,0
-1.0394,2.483,0.2352,-13.258,315,0
-2.0278,2.0444,0.2875,26.139,315,0
-1.5814,2.377,0.2744,12.881,315,0
-2.0052,1.6876,0.2613,13.258,315,0
-1.1604,2.5168,0.2744,-0.377,315,0
-1.2814,2.4798,0.2221,0,315,0
-1.384,2.5744,0.2352,26.139,315,0
-1.0664,2.7608,0.2483,-26.516,315,0
-1.4832,2.3978,0.2875,-26.516,315,0
-1.6706,2.246,0.2875,12.881,315,0
-1.5858,2.49,0.2744,12.881,315,0
-1.7508,2.233,0.2483,0,315,0
-1.7938,2.2832,0.3136,-0.377,315,0
-2.0506,1.8922,0.2744,0,315,0
-1.8302,2.2198,0.2091,-12.881,315,0
-1.4232,2.6892,0.2091,0,315,0
-1.7544,2.1856,0.2483,0,315,0
-1.3234,2.6548,0.2091,0,315,0
-0.6738,3.3186,0.196,-26.516,315,0
-1.0502,2.6204,0.2091,26.139,315,0
-1.6332,2.265,0.2483,0,315,0
-1.451,2.392,0.2483,26.139,315,0
-1.3472,2.3992,0.2613,-13.258,315,0
-1.2068,2.5496,0.2483,-13.258,315,0
-1.4912,2.5364,0.2613,-13.258,315,0
-1.7882,2.1638,0.2744,26.139,315,0
-1.918,1.883,0.2613,-26.139,315,0
-1.7444,2.2806,0.2613,26.139,315,0
-2.1868,1.8704,0.3267,12.881,315,0
-1.3758,2.691,0.2352,-13.258,315,0
-2.108,2.0594,0.2613,-26.139,315,0
-1.7718,2.2612,0.2613,26.139,315,0
-1.4882,2.5402,0.2221,0,315,0
-1.457,2.5334,0.2483,-13.258,315,0
-1.3352,2.4698,0.2221,0,315,0
-1.5618,2.402,0.2352,0,315,0
-1.594,2.1998,0.2483,0,315,0
-1.335,2.606,0.2613,12.881,315,0
-1.6052,2.3002,0.3005,-26.516,315,0
-1.5958,2.2502,0.2744,-13.258,315,0
-2.0546,2.0364,0.2613,-26.139,315,0
-1.7576,2.3056,0.3136,-0.377,315,0
-1.9704,2.135,0.2875,-13.258,315,0
-2.0894,1.986,0.2744,0,315,0
-1.5392,2.5796,0.2221,0,315,0
-1.3328,2.6612,0.2221,26.139,315,0
-1.3864,2.47,0.2352,26.139,315,0
-2.0666,2.0602,0.2483,13.258,315,0
-1.6222,2.167,0.2352,-26.139,315,0
-1.6236,2.2988,0.2613,26.139,315,0
-1.4974,2.2076,0.2613,26.139,315,0
-1.2174,2.548,0.2091,-26.139,315,0
-1.085,2.641,0.2221,26.139,315,0
-1.434,2.6774,0.2483,-13.258,315,0
-1.4278,2.6022,0.2613,12.881,315,0
-1.5728,2.4294,0.2483,26.139,315,0
-1.383,2.705,0.2221,26.139,315,0
-1.988,2.1864,0.2613,0,315,0
-1.9074,2.3374,0.2613,26.139,315,0
-2.054,1.947,0.2613,-26.139,315,0
-1.0322,2.8704,0.2091,-13.258,315,0
-1.3702,2.4182,0.2352,26.139,315,0
-1.3168,2.448,0.2221,0,315,0
-1.5974,2.2564,0.2613,26.139,315,0
-2.0736,1.9008,0.2613,13.258,315,0
-1.4586,2.3518,0.2221,-26.139,315,0
-1.5928,2.2506,0.2483,0,315,0
-1.615,2.2668,0.2613,26.139,315,0
-1.4682,2.586,0.2483,-13.258,315,0
-2.0046,2.2342,0.2613,0,315,0
-2.0108,2.215,0.3659,12.504,315,0
-1.5516,1.9244,0.2483,0,315,0
-1.4732,2.5218,0.2091,-26.139,315,0
-2.4276,1.585,0.3136,0,315,0
-1.4326,2.1818,0.2613,-13.258,315,0
-1.3454,2.086,0.2352,0,315,0
-1.2714,2.4402,0.196,13.258,315,0
-1.3142,2.5226,0.2483,-13.258,315,0
-1.0946,2.6896,0.2483,12.881,315,0
-1.4906,2.213,0.2352,-26.139,315,0
-1.2818,2.798,0.2483,12.881,315,0
-2.0364,2.1018,0.2352,-12.881,315,0
-2.0164,1.9762,0.3005,-13.258,315,0
-1.9856,2.187,0.2483,-26.139,315,0
-1.4368,2.659,0.196,-26.139,315,0
-1.8258,2.2044,0.2483,0,315,0
-1.7924,2.2396,0.2744,-13.258,315,0
-1.7148,2.1728,0.2483,0,315,0
-2.2534,1.6924,0.2744,13.258,315,0
-1.5358,2.3856,0.2483,26.139,315,0
-1.7484,2.3164,0.2352,-26.139,315,0
-1.2414,2.3494,0.2483,-13.258,315,0
-1.3706,2.4968,0.2352,26.139,315,0
-1.4472,2.3694,0.2613,-13.258,315,0
-2.0484,2.0516,0.3136,12.881,315,0
-1.476,2.564,0.2483,-13.258,315,0
-1.6854,2.4592,0.2744,12.881,315,0
-2.1146,2.011,0.3005,-13.258,315,0
-1.967,2.1248,0.2744,26.139,315,0
-2.0658,2.1852,0.2483,-26.139,315,0
-1.7654,2.2228,0.2352,-26.139,315,0
-1.343,2.6302,0.2352,-13.258,315,0
-1.5734,2.0502,0.2352,-26.139,315,0
-1.6592,2.2702,0.2221,13.258,315,0
-1.7736,2.1284,0.2483,-26.139,315,0
-1.7312,2.1472,0.2091,26.516,315,0
-1.327,2.3068,0.2483,26.139,315,0
-1.4968,2.2434,0.2483,0,315,0
-1.3958,2.6496,0.2091,-26.139,315,0
-1.1844,2.6954,0.2221,26.139,315,0
-1.872,2.249,0.2744,26.139,315,0
-1.6612,2.2282,0.2352,-26.139,315,0
-1.9498,1.9492,0.2221,26.516,315,0
-1.785,2.2354,0.2352,-26.139,315,0
-1.3678,2.7232,0.2221,26.139,315,0
-1.5372,2.3556,0.3005,-0.377,315,0
-1.663,2.1852,0.2744,-13.258,315,0
-1.5556,2.4062,0.196,-12.881,315,0
-1.583,2.4342,0.2483,26.139,315,0
-0.5192,3.2684,0.2352,-13.635,315,0
-1.5682,2.1838,0.2875,12.881,315,0
-1.8792,1.9694,0.2875,26.139,315,0
-1.9838,2.0144,0.2352,-12.881,315,0
-1.1504,2.6748,0.2352,12.881,315,0
-1.6724,2.2678,0.2352,-26.139,315,0
-1.9992,2.2618,0.2875,-13.258,315,0
-1.8082,2.2842,0.2483,0,315,0
-1.9554,1.8142,0.2483,13.258,315,0
-1.5582,2.5742,0.2613,12.881,315,0
-1.8748,2.1582,0.2352,13.258,315,0
-1.5318,2.5838,0.2613,12.881,315,0
-2.252,1.6542,0.2091,13.635,315,0
-1.0544,2.9656,0.2221,12.881,315,0
-1.0936,2.7462,0.196,0,315,0
-1.2136,2.4426,0.2613,12.881,315,0
-1.329,2.298,0.2352,0,315,0
-1.4494,2.2032,0.2613,26.139,315,0
-1.483,2.472,0.2483,26.139,315,0
-1.4764,2.472,0.2221,-26.139,315,0
-1.9064,2.29,0.2613,0,315,0
-1.969,1.9494,0.2613,-26.139,315,0
-1.9494,2.1722,0.2221,-12.881,315,0
-1.1228,2.9118,0.2221,12.881,315,0
-1.689,2.2536,0.2744,-13.258,315,0
-1.5136,2.364,0.2352,0,315,0
-1.3364,2.4456,0.2483,-13.258,315,0
-1.9622,2.0274,0.2352,-12.881,315,0
-1.5416,2.3826,0.2483,26.139,315,0
-1.4338,2.335,0.2613,-13.258,315,0
-1.2516,2.0718,0.2744,12.881,315,0
-0.9952,2.245,0.2613,12.881,315,0
-1.0376,2.379,0.2352,26.139,315,0
-1.3658,2.3712,0.2483,26.139,315,0
-1.531,2.5164,0.2483,26.139,315,0
-1.7528,2.3724,0.2744,-13.258,315,0
-1.5068,2.5378,0.2613,12.881,315,0
-1.599,2.5358,0.2352,26.138,315,0
-1.6944,2.3894,0.2483,26.139,315,0
-1.3384,2.631,0.2613,-26.516,315,0
-1.846,2.0646,0.2483,-26.139,315,0
-1.3654,2.5072,0.2352,26.139,315,0
-0.8092,3.0464,0.2091,12.881,315,0
-1.392,2.3944,0.2875,-26.516,315,0
-1.4114,2.3778,0.3005,-0.377,315,0
-1.9694,2.0502,0.2483,13.258,315,0
-1.9804,2.0406,0.2352,-12.881,315,0
-1.6392,2.4574,0.2352,0,315,0
-1.568,2.5722,0.2221,0,315,0
-1.505,2.7326,0.2744,-0.377,315,0
-2.1062,1.6928,0.3136,-13.258,315,0
-1.3866,2.4002,0.2352,26.139,315,0
-1.6754,2.2156,0.2613,26.139,315,0
-1.434,2.5482,0.2483,-13.258,315,0
-1.6344,2.2472,0.2744,-13.258,315,0
-2.003,2.0286,0.2613,-26.139,315,0
-1.2248,2.635,0.2352,-13.258,315,0
-1.5004,2.342,0.2352,0,315,0
-1.4818,2.3706,0.2875,-26.516,315,0
-2.2358,1.729,0.3005,0,315,0
-1.4414,2.5318,0.2483,-13.258,315,0
-1.5316,2.4998,0.2091,-26.139,315,0
-2.5362,1.411,0.3398,26.139,315,0
-1.193,2.5046,0.2613,-26.516,315,0
-1.2412,2.6188,0.2875,25.762,315,0
-1.5306,2.3956,0.2744,12.881,315,0
-1.5642,2.4314,0.2483,26.139,315,0
-1.5588,-1.8988,0.0914,-13.258,0,0
-0.8146,-1.669,0.0914,12.504,0,0
-1.068,-1.4914,-0.013,0,0,0
-1.162,-1.451,-0.0261,13.258,0,0
-0.55,-1.3962,-0.013,26.139,0,0
-0.4448,-1.4874,-0.0261,-26.139,0,0
-0.1572,-1.5678,-0.013,0,0,0
0.2162,-1.514,-0.013,26.139,0,0
0.3348,-1.6774,-0.013,0,0,0
0.608,-1.7782,-0.013,0,0,0
0.875,-1.8884,-0.013,0,0,0
1.0158,-1.8986,-0.0261,-26.139,0,0
1.1892,-1.9674,-0.013,0,0,0
1.2732,-2.177,-0.013,-26.139,0,0
1.4286,-2.268,-0.013,-26.139,0,0
1.5822,-2.3444,-0.013,-26.139,0,0
1.9396,-2.1262,0,-13.258,0,0
2.0178,-2.3106,0,26.139,0,0
2.1336,-2.3386,-0.013,0,0,0
2.2498,-2.3306,-0.0261,-26.139,0,0
