V_L,V_R,velocity,acc,omega,alpha
1.735000,1.387400,0.039200,-26.139000,0.073304,6.553711
2.912400,1.726400,0.156800,13.258000,0.794125,20.193459
2.182800,2.029000,0.209100,26.516000,-0.061087,11.318460
1.495800,1.423200,0.261300,-12.881000,0.132645,57.779125
1.367400,1.126000,0.274400,13.258000,-0.059341,12.322025
1.378800,1.091600,0.274400,0.377000,-0.038397,17.627825
1.087600,0.814800,0.287500,-12.881000,-0.027925,2.242748
1.197800,0.832800,0.274400,-26.139000,-0.006981,3.970624
1.203400,0.787000,0.274400,-12.881000,-0.008727,60.955624
0.943000,0.591000,0.287500,13.258000,-0.040143,-6.091199
3.002000,-1.311200,0.248300,26.516000,-0.865683,-156.617120
1.005000,-1.305200,0.313600,-26.139000,-9.955358,104.108890
2.332000,-1.786800,0.274400,-26.139000,-11.744321,-92.371551
2.386600,-2.299800,0.300500,0.000000,-11.843804,13.814281
2.506400,-0.827200,0.248300,-25.762000,-10.948450,157.027273
1.823800,0.112200,0.248300,26.516000,-6.949901,140.254659
1.205200,2.112200,0.222100,-12.881000,-0.834267,-190.834300
1.413800,1.466800,0.261300,13.258000,0.082030,-1.963495
0.792200,0.849600,0.300500,13.258000,0.174533,-31.276300
1.089800,1.280600,0.261300,13.258000,0.143117,49.410271
-1.777800,2.988600,0.287500,12.881000,4.420919,-160.997897
-2.614400,2.476000,0.313600,-26.139000,9.759881,6.326819
-1.508400,3.085600,0.235200,26.139000,11.952015,-156.896373
-1.667400,2.562400,0.274400,26.516000,11.932816,93.453655
-0.252200,1.905200,0.235200,-12.881000,10.292207,213.986093
0.696600,0.763000,0.261300,13.258000,5.167920,-198.932628
1.168400,0.903000,0.248300,-12.881000,-0.080285,34.854225
1.481200,0.864800,0.248300,13.258000,-0.094248,-63.076199
1.193400,0.577200,0.274400,-12.881000,-0.181514,-29.042279
1.298800,0.427000,0.274400,13.258000,-0.169297,-49.549897
1.865800,1.024800,0.235200,26.516000,-0.275762,-18.640116
1.514200,0.731000,0.261300,-12.881000,-0.228638,70.048789
1.164600,0.248800,0.287500,13.258000,-0.150098,25.228734
1.692000,0.797400,0.248300,26.516000,-0.151844,-44.654249
1.283800,0.524800,0.274400,-12.881000,-0.125664,-19.853120
0.968200,0.355200,0.287500,0.000000,-0.132645,-6.073746
1.499200,0.945800,0.248300,13.258000,-0.078540,28.134708
1.178600,1.044200,0.261300,13.258000,-0.005236,-68.783426
1.348400,1.138200,0.248300,0.377000,0.064577,5.061455
1.270400,0.920400,0.261300,13.258000,0.118682,-34.295720
1.079600,0.869000,0.274400,-26.139000,-0.024435,-4.939282
0.658800,0.488600,0.300500,-26.139000,-0.015708,-67.291169
1.206200,0.983200,0.261300,13.258000,0.031416,30.281462
1.085000,0.900400,0.274400,0.000000,-0.027925,-73.862334
0.871600,0.699800,0.287500,13.258000,0.020944,2.146755
1.116200,0.737000,0.274400,-26.139000,0.141372,-45.806166
1.414600,1.200800,0.248300,26.516000,-0.057596,15.149458
0.891800,0.637600,0.287500,13.258000,-0.020944,-72.815136
0.975600,0.808800,0.274400,13.258000,-0.090757,70.162236
1.640800,0.981000,0.248300,-12.881000,0.019199,-21.039944
1.117200,0.932000,0.261300,-12.881000,-0.012217,-2.260201
1.540000,-1.806000,0.339800,0.377000,-4.909611,120.427718
2.383600,-2.520000,0.313600,26.139000,-9.526007,32.428217
2.575400,-2.286600,0.287500,-12.881000,-11.445869,-84.709555
2.329800,-0.764200,0.235200,0.377000,-12.489576,91.228360
2.572200,-0.133600,0.222100,-12.881000,-10.126400,-100.112086
0.993200,0.553000,0.261300,-26.139000,-5.183628,28.736846
1.515800,1.402600,0.235200,-12.881000,0.301942,32.873276
0.883000,1.176000,0.274400,-12.881000,0.109956,-4.895649
0.508000,0.774000,0.300500,-26.139000,0.172788,12.793263
1.269200,1.340000,0.248300,13.258000,0.202458,-55.457837
1.172400,1.180800,0.261300,-12.881000,0.130900,3.752458
0.929200,0.932600,0.274400,-12.881000,0.059341,55.597463
1.432400,0.993600,0.248300,-12.881000,0.005236,18.081611
0.898200,0.987000,0.274400,13.258000,0.055851,-45.588000
0.839200,0.980600,0.274400,13.258000,0.099484,-8.779006
1.016400,1.048200,0.261300,13.258000,0.160570,-36.957347
0.745400,0.753200,0.287500,-26.139000,0.111701,74.298666
1.039400,0.422600,0.287500,13.258000,-0.064577,9.494591
1.072200,0.257600,0.287500,-26.139000,-0.054105,46.495571
1.511200,0.982000,0.248300,13.258000,-0.218166,58.547070
1.118600,0.732000,0.274400,13.258000,-0.123918,-25.324727
0.682600,0.703800,0.287500,-26.139000,0.082030,-9.328785
0.881600,1.262000,0.261300,13.258000,0.303687,-45.998152
1.004000,1.192600,0.261300,26.516000,0.207694,-49.200832
0.679600,0.704200,0.287500,13.258000,0.139626,0.000000
1.363600,1.101800,0.248300,-12.881000,-0.015708,55.518923
1.054400,0.853800,0.274400,13.258000,-0.041888,-5.017822
1.214600,0.910600,0.261300,0.377000,0.033161,-2.818707
1.272600,0.840200,0.261300,-26.139000,0.040143,0.602139
1.323200,0.912000,0.261300,-26.139000,-0.024435,-2.391101
0.337200,0.844200,0.287500,13.258000,0.024435,35.273104
-1.777000,-0.331800,0.418200,-12.881000,7.782423,153.021742
-3.179000,2.291800,0.352800,0.000000,9.480628,-43.641958
-1.298000,2.347400,0.261300,26.139000,12.353440,-185.641946
-0.981400,2.329800,0.261300,-26.139000,11.931071,-108.254047
-0.084600,2.192200,0.248300,13.258000,9.056513,-193.574467
1.507400,1.073000,0.248300,-26.139000,3.361504,-255.114776
1.256800,1.135400,0.274400,-12.881000,0.034907,2.155482
1.182000,0.676000,0.287500,26.516000,0.006981,-36.381388
1.788000,0.988400,0.248300,0.377000,-0.041888,-78.941242
1.247800,0.459400,0.287500,26.516000,-0.230383,-8.840093
1.271600,0.198600,0.287500,-26.139000,-0.132645,-81.541783
1.395800,0.394200,0.274400,-26.139000,-0.239110,-2.626721
1.231800,0.625600,0.274400,-12.881000,-0.321141,57.063540
1.234600,0.502800,0.274400,-12.881000,-0.125664,14.739306
1.298800,0.831600,0.261300,0.000000,-0.280998,-43.257985
1.197200,1.427800,0.248300,13.258000,-0.179769,7.347836
1.051600,0.874600,0.274400,13.258000,0.160570,-88.662726
1.545800,1.459000,0.235200,-12.881000,0.036652,-64.001224
0.838000,0.921800,0.287500,0.000000,-0.120428,38.126717
1.128600,0.566000,0.274400,26.516000,0.108210,18.360864
3.185600,-0.857800,0.209100,-25.385000,-5.061455,195.756129
2.293800,-3.236600,0.339800,-26.139000,-9.306096,-171.277886
0.883800,-0.544400,0.287500,26.516000,-13.978342,-208.627932
1.467400,0.469600,0.235200,26.516000,-13.344787,53.258722
2.451200,-0.631000,0.261300,13.258000,-9.107128,-29.277898
0.723200,1.244000,0.248300,-26.139000,-4.686209,235.340196
1.471600,1.269600,0.248300,-26.139000,0.230383,-97.965331
0.770000,0.967200,0.287500,-26.139000,0.122173,18.186331
0.879800,1.094800,0.274400,13.258000,0.219911,-12.348204
1.291800,1.393800,0.248300,-12.881000,0.275762,-51.871185
0.875600,1.109800,0.274400,26.516000,0.179769,-30.743975
1.004400,1.135400,0.261300,0.377000,0.214675,-3.455752
0.874000,0.975800,0.274400,0.000000,0.144862,21.964969
0.869800,1.002600,0.274400,-12.881000,0.054105,18.893189
1.056200,1.053000,0.261300,-12.881000,0.123918,-9.747664
1.320000,1.150400,0.248300,26.516000,0.095993,15.542157
1.107400,0.754400,0.274400,26.516000,-0.073304,-15.009832
1.054400,0.665200,0.274400,13.258000,-0.019199,5.899213
1.442200,1.000800,0.248300,0.000000,0.020944,-63.556165
1.087400,0.980800,0.287500,-26.139000,0.064577,-35.159658
3.352200,-1.221600,0.235200,26.139000,-2.965314,201.472082
3.327600,-1.915400,0.235200,-25.385000,-8.717920,-149.103478
2.739600,-2.207800,0.274400,-26.139000,-11.461577,-167.900674
2.840600,-2.120800,0.261300,0.377000,-11.287044,108.044607
2.340000,-0.547400,0.235200,0.377000,-10.412634,-236.300127
1.375800,-0.394000,0.274400,-12.881000,-5.410521,215.059470
0.641800,1.042000,0.248300,-12.881000,-0.186750,180.196518
0.658600,0.884800,0.274400,-26.139000,0.054105,98.881629
0.239200,1.357800,0.274400,13.258000,0.464258,-67.081730
0.242400,1.652600,0.261300,-26.139000,0.548033,52.054445
0.631600,1.718000,0.248300,-12.881000,0.710349,47.184976
0.014800,0.948800,0.300500,-26.139000,0.457276,-113.708201
0.510000,1.006200,0.274400,13.258000,0.370010,15.725417
1.448600,1.218600,0.235200,13.258000,0.050615,-26.616271
0.934400,0.472600,0.287500,0.000000,-0.094248,-45.849799
1.402800,0.600000,0.261300,13.258000,-0.092502,-41.172317
0.927000,0.046600,0.300500,0.000000,-0.104720,-20.638518
1.860400,1.077000,0.235200,13.258000,-0.078540,-70.258229
1.629600,1.055800,0.248300,13.258000,-0.338594,-10.166543
1.542000,0.862000,0.261300,-26.139000,-0.181514,-0.191986
1.242600,0.577600,0.287500,26.139000,-0.144862,-71.410146
1.005600,0.242600,0.300500,-12.881000,-0.048869,23.911011
0.073400,-0.769600,0.261300,13.258000,-0.027925,-14.634586
-0.748400,-1.196000,0.196000,0.000000,-0.188496,27.366763
-0.247800,-0.676600,0.130600,-26.139000,-0.106465,57.918751
-1.097200,-1.512600,0.052200,26.139000,-0.015708,12.156218
-0.743200,-1.214600,-0.013000,0.000000,-0.005236,-9.450958
-0.951000,-0.999600,-0.013000,0.000000,-0.006981,49.096112
-0.820000,-1.265400,0.000000,0.000000,0.034907,-46.155232
-1.068600,-1.023800,0.000000,0.000000,-0.095993,6.239552
-0.984800,-1.091000,0.000000,0.000000,0.054105,9.258972
-1.009600,-1.075800,0.000000,0.000000,0.010472,-0.410152
-1.012800,-1.070600,0.000000,0.000000,0.001745,-3.019420
-1.013400,-1.070600,0.000000,0.000000,0.001745,3.141593
-1.021800,-1.072600,0.000000,0.000000,-0.003491,9.180432
-1.013600,-1.071800,0.000000,0.000000,0.003491,-3.106686
-1.021200,-1.074600,0.000000,0.000000,0.000000,-3.490658
1.232000,1.232000,0.026100,-26.139000,0.108210,15.341444
1.240200,1.240200,0.052200,-26.139000,-0.041888,27.715828
1.241400,1.241400,0.078400,-26.139000,-0.019199,12.278391
1.243000,1.243000,0.104500,-26.139000,0.099484,-5.681047
1.235200,1.235200,0.130600,0.000000,0.043633,30.133110
1.238000,1.238000,0.013000,0.000000,-0.143117,12.679817
1.239200,1.239200,0.000000,0.000000,0.061087,-5.960299
0.887800,0.887800,0.000000,0.000000,0.005236,-2.871067
0.889000,0.889000,0.000000,0.000000,-0.001745,10.044370
0.889200,0.889200,0.000000,0.000000,-0.003491,9.215338
0.888200,0.888200,0.000000,0.000000,0.001745,0.000000
1.780400,-1.912400,0.013000,-13.258000,-0.097738,-18.509217
2.690400,-2.427000,-0.026100,0.000000,-3.591888,-139.067835
2.421600,-2.290200,-0.013000,26.139000,-7.098254,-29.356438
2.134800,-2.397400,0.026100,26.139000,-9.995501,199.229334
1.430400,-1.167000,-0.026100,-12.881000,-11.466813,-191.375352
1.334400,-0.148200,-0.117600,-26.139000,-10.494665,209.640223
2.424000,-2.155400,-0.026100,26.139000,-5.309292,-106.482538
2.149200,-2.015000,-0.013000,26.139000,-3.645993,-58.424897
2.822600,-2.294400,-0.052200,26.516000,-1.331686,-260.987809
2.104800,-1.974000,-0.013000,0.000000,-3.899066,-1.754056
1.960400,-2.090400,0.013000,12.881000,-6.318092,187.622894
2.667000,-2.538200,-0.013000,26.516000,-7.785914,46.417031
1.093400,-1.093400,0.000000,26.139000,-13.206906,283.807989
2.693800,-2.161600,-0.052200,26.516000,-8.719665,-118.315870
1.995800,-1.995800,0.000000,-26.139000,-7.552040,24.678956
1.964400,-1.964400,0.000000,0.000000,-4.984660,171.705492
2.026400,-1.761800,-0.026100,13.258000,-2.310816,126.641090
2.433400,0.998200,0.026100,-13.258000,-1.303761,-183.521371
3.131000,2.807800,0.104500,-26.139000,-0.260054,-212.520016
1.548400,1.730600,0.222100,13.258000,0.319395,-21.537363
1.170400,1.694600,0.248300,26.516000,0.366519,98.462750
0.765400,1.393800,0.274400,26.516000,0.394444,18.509217
0.970600,1.371400,0.261300,13.258000,0.446804,7.819075
1.975200,1.225400,0.235200,26.516000,0.373500,-12.313298
1.182200,0.818200,0.287500,0.000000,-0.066323,5.262168
1.160800,0.668600,0.287500,26.139000,-0.019199,-66.418505
1.384800,0.765600,0.274400,0.377000,0.066323,-11.990412
1.544200,1.418200,0.248300,26.516000,-0.308923,142.366507
1.379200,0.891200,0.274400,13.258000,0.034907,-20.655972
1.859800,1.511200,0.235200,-26.139000,-0.015708,-48.773226
0.996800,0.767400,0.300500,-26.139000,-0.076794,80.354959
1.241600,0.894800,0.274400,-26.139000,-0.010472,-0.366519
1.290400,0.642400,0.274400,26.516000,0.118682,13.229596
1.591600,1.064400,0.235200,26.516000,-0.059341,-91.027647
-1.971600,2.892800,0.313600,-12.881000,2.488840,232.765835
0.137400,1.963600,0.209100,-13.258000,11.100294,224.466795
-1.703400,2.335200,0.274400,26.139000,11.550589,-17.941985
-1.357600,3.111800,0.222100,13.258000,11.452851,-129.704143
-0.936000,2.635000,0.235200,0.000000,9.979793,-156.512400
-0.295000,1.418200,0.274400,0.000000,5.539675,-171.897478
0.879800,0.710000,0.261300,13.258000,0.380482,-110.994214
1.495600,1.186400,0.235200,-12.881000,0.101229,-42.376594
1.667800,1.175000,0.235200,-12.881000,-0.071558,-64.690629
1.776800,-0.167400,0.274400,13.258000,-0.176278,0.139626
3.192600,-2.180200,0.274400,-26.139000,-6.054547,-81.890848
3.306600,-1.281000,0.169900,-12.881000,-10.583677,204.351875
2.346200,-1.340800,0.261300,0.000000,-12.751376,94.474672
2.375400,-0.896800,0.248300,-12.881000,-11.920599,5.139995
1.811000,0.008200,0.261300,13.258000,-8.948303,174.332212
1.090400,1.437400,0.248300,13.258000,-2.848377,198.313036
1.451200,1.238800,0.261300,-26.139000,-0.055851,-6.274459
1.040600,0.824000,0.287500,13.258000,0.144862,-35.203291
1.366600,1.350200,0.248300,13.258000,0.095993,-31.887165
2.493600,-2.040600,0.326700,13.258000,-1.836086,-198.592289
2.468400,-1.838000,0.274400,0.000000,-8.621926,241.902634
2.403200,-1.964000,0.287500,-26.139000,-11.615166,143.378798
2.582200,-1.501600,0.248300,26.516000,-11.847295,64.926248
1.927800,-0.047800,0.222100,26.516000,-11.334168,-213.654480
1.239000,1.035800,0.248300,26.516000,-6.757915,176.906573
1.511400,1.714400,0.235200,-25.762000,0.146608,64.280476
0.609200,1.113400,0.287500,-12.881000,0.176278,62.552600
-2.716000,2.424400,0.339800,-13.258000,4.787438,-18.430677
-0.925200,1.994200,0.248300,-12.881000,11.470304,252.714949
-1.758200,3.143600,0.235200,0.377000,11.856022,201.655342
-1.532000,2.014800,0.287500,26.139000,12.416272,-93.287848
-0.773600,2.170200,0.261300,-12.881000,9.639453,-183.320658
1.495000,1.174800,0.235200,13.258000,4.399975,-203.261044
1.275200,1.122800,0.274400,-13.258000,-0.083776,28.265607
1.108800,0.504600,0.300500,-26.516000,-0.022689,-47.394416
1.592600,0.155400,0.287500,-26.139000,-0.357792,-11.161381
1.898800,0.472400,0.261300,-25.762000,-0.555015,34.103734
1.327000,-0.224800,0.300500,13.258000,-0.322886,17.069320
1.374600,0.199200,0.274400,-26.139000,-0.507891,82.588980
1.650800,0.646800,0.248300,-12.881000,-0.340339,-137.881011
1.141000,0.711400,0.261300,0.377000,-0.094248,-25.918139
1.063800,0.753800,0.261300,13.258000,-0.034907,16.388642
1.449200,1.298000,0.235200,-26.138000,-0.024435,-54.925511
1.123000,0.995600,0.261300,-12.881000,0.087266,-30.656708
1.074600,0.994400,0.261300,13.258000,0.115192,0.445059
1.297000,1.273200,0.248300,-26.139000,0.115192,9.084439
0.938000,0.955800,0.274400,-26.139000,0.071558,-14.355333
-1.241000,3.366400,0.235200,-12.881000,2.947861,-98.820542
-2.096600,3.314800,0.222100,0.377000,8.443903,9.834930
-1.876600,2.869200,0.261300,26.139000,11.533136,-112.591190
-0.309200,1.602400,0.235200,26.516000,13.578662,-87.327549
-1.586400,1.875400,0.300500,-12.881000,10.211921,187.745067
0.124600,1.723400,0.248300,-26.139000,5.543166,-194.098066
0.903400,1.128200,0.274400,0.000000,0.244346,43.092179
1.052000,0.991000,0.274400,-26.139000,0.059341,11.711159
1.100000,0.492400,0.287500,0.000000,0.040143,-77.841685
2.294000,0.738200,0.235200,-12.881000,-0.267035,-104.300876
1.687000,0.261000,0.261300,13.258000,-0.701622,-21.921335
1.031800,0.461800,0.274400,26.516000,-0.239110,86.559604
0.917800,0.442200,0.274400,-26.139000,-0.033161,52.290064
1.574400,1.317000,0.222100,26.516000,0.017453,31.599186
0.998800,0.932600,0.261300,13.258000,0.111701,-39.950587
1.138200,1.154600,0.261300,-12.881000,-0.038397,58.503436
0.997200,0.880200,0.274400,13.258000,0.123918,-18.936822
1.576000,1.345600,0.235200,-25.762000,0.116937,-49.122292
0.901400,0.763000,0.287500,-26.139000,0.013963,-2.993240
0.818200,0.343600,0.300500,-26.139000,-0.068068,4.049164
1.221000,1.276800,0.248300,13.258000,0.108210,48.773226
0.928600,1.044200,0.274400,26.516000,0.092502,27.689649
0.848400,1.022000,0.274400,13.258000,0.139626,-30.857421
0.902200,0.906400,0.274400,0.000000,0.265290,-4.276057
1.602200,1.010600,0.248300,-12.881000,-0.078540,-25.368361
1.340200,0.485600,0.274400,13.258000,-0.048869,-96.429441
1.394600,0.638000,0.261300,13.258000,-0.226893,-6.283185
1.363000,0.757200,0.261300,-26.139000,-0.157080,61.906828
1.106000,0.600000,0.274400,26.516000,-0.092502,61.592669
1.101600,0.499400,0.274400,-26.139000,0.034907,-21.668263
1.113200,0.587200,0.274400,26.139000,-0.033161,13.622295
1.017400,1.055600,0.261300,-12.881000,0.148353,3.481932
0.773600,0.855000,0.274400,-12.881000,0.120428,120.541165
1.189000,1.240800,0.248300,13.258000,0.137881,55.265851
0.713400,0.775000,0.287500,-26.139000,0.151844,-117.478112
1.238000,0.098400,0.287500,13.258000,-0.242601,13.439035
1.815400,0.549600,0.248300,13.258000,-0.333358,39.985493
1.244800,0.077800,0.287500,-26.139000,-0.279253,48.921579
1.202200,-0.087000,0.287500,-12.881000,-0.169297,80.162972
1.472000,0.333400,0.261300,-26.139000,-0.242601,-39.915680
1.100000,0.826400,0.261300,-12.881000,-0.078540,14.477506
0.622600,0.876200,0.274400,-26.139000,0.054105,9.712757
0.578000,1.137600,0.274400,-12.881000,0.296706,-27.707102
1.321800,1.042400,0.248300,0.377000,-0.057596,46.172685
1.165600,0.698200,0.274400,26.139000,-0.132645,22.113322
0.846200,0.267600,0.300500,0.000000,-0.097738,-2.600541
1.355200,0.715200,0.261300,-12.881000,-0.087266,-18.378317
1.350400,0.815400,0.261300,-26.139000,-0.085521,14.817845
0.805000,1.018800,0.274400,13.258000,0.504400,55.946529
0.678200,1.035600,0.274400,-26.139000,0.228638,-20.900318
1.186800,1.302800,0.248300,-12.881000,0.287979,-6.274459
0.868000,0.988200,0.274400,13.258000,0.188496,-43.292892
0.868200,0.903000,0.274400,-26.139000,0.158825,-29.836404
1.184400,0.998400,0.261300,-26.139000,0.146608,40.160026
1.002200,0.581800,0.287500,-26.139000,0.015708,-61.479223
1.139600,0.659000,0.274400,13.258000,0.000000,3.569198
1.019000,0.642000,0.287500,-13.258000,-0.104720,9.416051
2.700000,-1.591600,0.248300,1.131000,-9.882054,209.029358
2.454200,-1.557000,0.261300,13.258000,-11.744321,245.262393
1.579000,0.187400,0.235200,-12.881000,-13.252285,229.344990
2.757600,-0.082200,0.196000,-26.139000,-9.810496,278.510915
1.664400,1.156000,0.235200,-12.881000,-4.986406,145.708812
1.595600,1.615200,0.274400,13.258000,0.171042,44.645522
1.030200,1.178200,0.274400,-26.139000,0.083776,135.873882
1.141800,1.156800,0.274400,-26.139000,0.207694,-57.848938
1.759400,-0.585000,0.300500,13.258000,-0.186750,-72.352624
2.471200,-2.268200,0.300500,-12.881000,-7.089527,-22.026055
0.781200,-0.585000,0.287500,0.000000,-12.711233,-99.317961
1.764600,0.075000,0.235200,13.258000,-13.459979,-204.360602
1.661400,0.021600,0.235200,13.258000,-12.013101,49.078659
2.243800,0.351000,0.248300,0.000000,-7.291986,282.228466
0.903200,1.778000,0.248300,26.516000,-1.628392,235.951061
1.404600,1.452200,0.261300,13.258000,0.165806,-18.055431
0.327400,1.716600,0.287500,-12.881000,0.176278,21.162117
0.558600,1.886400,0.261300,13.258000,0.600393,57.508599
0.349400,1.247200,0.287500,13.258000,0.582940,-67.701322
0.357000,1.041600,0.287500,26.516000,0.294961,83.653631
1.013200,0.856000,0.261300,0.377000,0.108210,-93.261668
1.326000,0.969800,0.248300,-12.881000,-0.043633,17.845992
1.139000,0.556800,0.274400,-12.881000,-0.085521,24.696409
1.005200,0.256600,0.287500,13.258000,-0.122173,49.008845
1.421400,0.596200,0.261300,-26.139000,-0.216421,27.768188
1.399400,0.346600,0.274400,13.258000,-0.209440,-11.501720
1.320000,0.781000,0.261300,26.516000,-0.188496,18.003071
1.096800,0.543400,0.274400,26.516000,-0.118682,-14.346606
1.163800,0.836200,0.261300,13.258000,0.043633,40.116393
1.360800,1.133800,0.248300,-12.881000,-0.045379,-2.312561
1.223400,0.842600,0.261300,26.516000,0.102974,-16.441002
1.113800,0.948200,0.261300,13.258000,-0.080285,47.848201
1.383000,1.191400,0.248300,-26.139000,0.026180,-101.630522
1.002200,0.828800,0.274400,26.516000,0.024435,16.379915
1.303400,0.800000,0.261300,13.258000,-0.106465,-30.927234
1.394400,0.810400,0.261300,0.000000,-0.047124,24.617869
0.877600,0.207200,0.300500,-26.139000,0.000000,-24.443336
0.885200,0.415400,0.287500,0.000000,-0.129154,21.031217
1.485600,0.997400,0.248300,13.258000,-0.048869,18.238691
1.124200,0.690600,0.274400,13.258000,-0.064577,-79.796453
1.236200,0.801600,0.261300,-12.881000,-0.068068,39.828413
1.007400,0.797000,0.274400,-26.139000,0.195477,-14.215707
1.143200,1.027000,0.261300,26.516000,0.118682,-24.774949
1.140800,0.888800,0.261300,-12.881000,0.125664,-55.222217
1.324200,1.152800,0.248300,-12.881000,0.033161,0.593412
1.032400,0.515400,0.287500,-26.139000,-0.185005,18.561577
1.023600,0.385400,0.287500,-26.139000,-0.064577,-26.974064
1.536400,0.915400,0.248300,0.377000,-0.068068,11.815879
1.183200,0.634600,0.274400,-26.139000,-0.094248,-33.117623
1.080200,0.551600,0.274400,-12.881000,-0.076794,27.480209
1.029000,0.941800,0.261300,13.258000,-0.034907,23.605578
1.237800,1.221800,0.248300,-12.881000,0.026180,-27.488936
1.074800,0.971600,0.261300,26.516000,0.109956,-18.884462
1.052000,0.966000,0.261300,-26.139000,0.043633,8.028515
1.334800,0.813200,0.261300,-26.139000,-0.013963,-64.812802
0.969400,0.429800,0.287500,13.258000,-0.024435,9.450958
1.219200,0.788800,0.261300,26.516000,-0.127409,51.993358
1.512000,1.337800,0.235200,26.516000,0.057596,-12.260938
0.999600,0.461200,0.287500,-12.881000,0.064577,21.554816
1.054600,0.638200,0.274400,-12.881000,-0.109956,-31.040681
1.500400,0.983600,0.248300,-12.881000,-0.073304,83.383105
0.916800,0.249400,0.300500,26.139000,-0.099484,82.318454
1.090000,0.614600,0.274400,13.258000,0.190241,-101.796329
1.030000,0.794400,0.274400,13.258000,-0.001745,-45.605453
1.189200,1.063800,0.261300,26.516000,-0.029671,24.478243
1.017200,0.758600,0.274400,13.258000,0.071558,-18.465583
1.561000,0.940400,0.248300,13.258000,-0.087266,-12.208578
1.359000,0.851400,0.261300,0.377000,-0.075049,46.748644
0.823000,0.176800,0.300500,-26.139000,0.031416,28.021261
1.033800,1.005800,0.261300,13.258000,-0.130900,60.580378
1.139400,1.038000,0.261300,-26.139000,-0.043633,-7.635815
0.913400,0.465200,0.287500,13.258000,-0.057596,42.306781
1.787600,1.282200,0.222100,0.377000,-0.019199,-15.961036
0.730600,0.755000,0.287500,0.000000,0.029671,71.942472
0.771000,0.620200,0.287500,-26.139000,0.167552,-1.884956
1.256600,1.111600,0.248300,-12.881000,0.106465,-38.571776
1.136600,1.073600,0.261300,13.258000,0.061087,75.956729
1.257200,0.581800,0.274400,-12.881000,-0.153589,-18.151424
1.229200,0.481000,0.274400,-26.139000,-0.195477,61.330870
1.229800,0.564000,0.274400,0.000000,-0.174533,23.954644
1.022600,0.361800,0.287500,13.258000,-0.017453,-8.892453
0.810000,0.428600,0.287500,-12.881000,0.026180,41.233404
1.372200,1.053400,0.248300,13.258000,0.061087,-119.240894
0.736800,0.711800,0.287500,-26.139000,0.047124,2.574361
0.991600,1.041200,0.261300,-12.881000,0.062832,3.499385
0.880200,0.918400,0.274400,-26.139000,0.137881,40.203659
1.116000,1.110400,0.261300,-12.881000,0.115192,-113.856554
1.350400,0.384000,0.274400,13.258000,-0.015708,-65.449847
1.407200,0.726600,0.261300,0.000000,-0.247837,-14.625859
1.293600,0.942400,0.261300,-12.881000,-0.221657,52.639130
0.982000,0.430200,0.287500,13.258000,0.029671,-8.874999
1.019800,1.086000,0.261300,-26.139000,-0.134390,59.419734
1.252800,1.118000,0.248300,13.258000,0.202458,6.710791
1.298800,1.276000,0.248300,-12.881000,0.158825,-4.066617
0.742200,0.776400,0.287500,13.258000,0.169297,77.544979
1.040400,1.083400,0.261300,13.258000,0.109956,-8.290314
1.627400,0.588600,0.261300,-12.881000,-0.244346,2.111848
1.029000,-0.323400,0.313600,13.258000,-0.150098,-61.671209
1.372000,0.155600,0.274400,13.258000,-0.244346,21.066124
1.511400,0.842800,0.248300,-26.139000,-0.240855,-51.661746
0.944000,0.720400,0.274400,-26.139000,-0.064577,-86.856310
1.054200,0.850400,0.261300,13.258000,0.012217,6.562438
1.095600,0.951200,0.261300,13.258000,0.071558,0.061087
0.790800,0.964800,0.274400,13.258000,0.164061,-67.160270
0.677600,0.951400,0.274400,13.258000,0.183260,20.429079
1.075600,1.360400,0.248300,13.258000,0.172788,56.644661
1.234200,0.636000,0.274400,13.258000,0.214675,-59.864793
1.002200,0.396200,0.287500,0.000000,0.005236,-22.218041
1.125400,0.625200,0.274400,-26.139000,-0.134390,16.004669
1.210200,0.620400,0.274400,-12.881000,-0.055851,6.710791
1.150400,0.559800,0.274400,-26.139000,-0.118682,-32.925636
1.649800,1.072600,0.235200,13.258000,-0.099484,-101.045837
0.761600,0.790000,0.287500,-26.139000,-0.048869,15.393804
0.885400,0.916800,0.274400,13.258000,0.144862,19.137535
1.181600,1.248000,0.248300,-12.881000,0.153589,0.410152
0.883000,0.974000,0.274400,0.000000,0.130900,-21.799162
0.670800,0.752000,0.287500,13.258000,0.146608,109.597950
1.232200,0.416400,0.274400,-12.881000,-0.123918,-22.226768
2.331800,1.835000,0.182900,14.012000,-0.284489,-78.976149
0.958400,0.467000,0.287500,-26.139000,-0.045379,-30.264009
1.279000,0.703000,0.261300,-26.139000,-0.090757,-30.019663
1.478800,0.947800,0.248300,-12.881000,-0.089012,-19.765854
1.156600,0.574400,0.274400,-26.139000,-0.089012,17.182766
1.396000,0.545800,0.261300,-26.139000,-0.082030,-47.935468
1.234200,1.230200,0.248300,13.258000,0.033161,-117.033053
0.859400,0.996200,0.274400,13.258000,0.078540,51.129420
0.663800,0.745800,0.287500,-26.139000,0.193732,14.390240
1.218000,1.283200,0.248300,-12.881000,0.169297,21.031217
1.286000,0.241400,0.287500,0.000000,-0.216421,-55.117498
1.509800,0.158600,0.274400,0.377000,-0.158825,20.813051
1.627000,0.703400,0.248300,0.377000,-0.415388,19.626227
0.791600,0.580200,0.287500,13.258000,-0.165806,39.810960
0.743800,0.509800,0.287500,-26.139000,-0.010472,27.558749
1.344600,0.965400,0.248300,-12.881000,0.144862,64.673175
0.992200,1.154800,0.261300,-12.881000,0.052360,37.568212
0.593000,0.805400,0.287500,-26.139000,0.211185,-31.922072
0.903800,1.143800,0.261300,13.258000,0.253073,-14.896385
0.955800,1.279600,0.261300,13.258000,0.172788,79.709187
1.217400,0.600600,0.274400,-12.881000,0.101229,-33.065263
1.432400,0.607600,0.261300,-12.881000,-0.113446,-9.878564
1.671600,0.803600,0.248300,13.258000,-0.155334,11.222467
1.469600,0.600400,0.261300,26.516000,-0.122173,-23.797564
1.214000,0.371200,0.274400,-26.139000,-0.099484,-5.436701
0.999600,0.762200,0.274400,-26.139000,-0.019199,-43.860124
0.948000,0.800200,0.274400,-12.881000,0.082030,12.758357
0.977000,1.004000,0.261300,-12.881000,0.179769,22.523474
0.806000,0.923000,0.274400,0.000000,0.158825,24.670229
0.807000,0.978200,0.274400,13.258000,0.139626,-24.356070
0.603200,0.700400,0.287500,13.258000,0.190241,-36.957347
1.703400,1.032200,0.235200,0.377000,-0.226893,-16.563175
1.228800,0.573200,0.274400,13.258000,-0.169297,-63.224552
0.996600,0.335800,0.287500,13.258000,-0.066323,5.270894
1.553000,0.810800,0.248300,13.258000,-0.097738,-14.896385
1.273400,0.513000,0.274400,13.258000,-0.137881,27.070057
1.152600,0.145400,0.287500,13.258000,-0.171042,53.162729
1.446600,0.820400,0.248300,-26.139000,-0.438078,-61.322143
0.970600,1.048000,0.261300,-26.139000,0.043633,5.471607
0.502600,0.790400,0.287500,13.258000,0.164061,32.690017
0.990600,1.319000,0.248300,13.258000,0.235619,6.771877
0.713600,1.078200,0.274400,0.000000,0.214675,15.934856
0.551000,0.860400,0.287500,-26.139000,0.205949,12.330751
0.913800,1.091200,0.261300,-12.881000,0.223402,12.287118
1.138000,0.505800,0.287500,26.139000,0.169297,-37.288959
-0.248200,-2.334000,0.444300,0.377000,-7.009242,-53.232542
2.681800,-1.812600,0.274400,-26.139000,-9.946631,263.797789
0.461000,-0.690000,0.313600,-13.258000,-14.105751,109.493230
0.147200,0.185800,0.287500,-12.881000,-13.088224,21.947515
2.177800,0.725600,0.196000,13.258000,-9.356710,228.638132
0.975200,1.125200,0.261300,13.258000,-3.502876,58.276544
1.160800,0.879400,0.274400,-26.139000,0.129154,-58.704149
1.341000,1.222600,0.261300,-12.881000,0.101229,39.732420
0.843200,0.801000,0.300500,-26.139000,0.099484,2.652900
3.372200,-1.164600,0.222100,13.635000,-2.192134,199.517313
2.771000,-1.527800,0.248300,0.377000,-9.155997,134.844138
1.781200,-0.304400,0.235200,26.139000,-12.957324,83.941610
2.566000,-1.298000,0.261300,26.138000,-11.386528,-231.989164
1.615200,1.699400,0.222100,0.377000,0.383972,-36.599554
0.867800,1.125200,0.287500,13.258000,0.178024,28.710666
0.521000,1.245600,0.287500,13.258000,0.308923,6.091199
0.708400,1.316600,0.274400,26.516000,0.464258,45.526913
0.624800,1.037200,0.287500,13.258000,0.392699,-24.530603
0.913600,0.873800,0.274400,-12.881000,0.301942,-36.372662
1.386600,1.073000,0.248300,13.258000,-0.027925,93.156949
1.124000,0.789400,0.274400,13.258000,-0.029671,-9.485864
0.930400,0.529400,0.287500,-26.139000,-0.048869,39.837140
1.300000,0.797600,0.261300,-26.139000,-0.059341,2.731440
1.558200,0.979200,0.248300,26.516000,-0.061087,-3.508112
1.007800,0.380200,0.287500,13.258000,-0.068068,70.537482
1.453800,0.885800,0.248300,0.000000,-0.129154,-34.618606
1.243600,0.866400,0.261300,-12.881000,-0.179769,104.841928
0.752000,0.276400,0.300500,0.000000,-0.010472,15.926129
1.024200,0.587000,0.274400,-26.139000,-0.054105,23.989551
-0.368200,-0.979200,0.248300,13.258000,0.050615,38.021998
-0.757600,-1.104000,0.182900,26.139000,-0.078540,22.052235
0.030600,1.294600,0.039200,-12.881000,-1.071632,-111.308373
1.170400,1.643000,0.013000,-26.139000,0.089012,68.565260
0.603200,1.363200,0.000000,0.000000,0.005236,9.285152
0.518800,1.443600,0.000000,0.000000,-0.001745,6.178466
0.441800,1.529200,0.000000,0.000000,-0.001745,-6.117379
0.361400,1.598400,0.000000,0.000000,0.000000,6.955137
0.283200,1.672200,0.000000,0.000000,0.000000,-6.108652
0.206600,1.757000,0.000000,0.000000,0.003491,-0.008727
0.126400,1.844600,0.000000,0.000000,0.000000,-0.017453
0.046000,1.921800,0.000000,0.000000,-0.001745,-0.026180
-0.031400,1.995200,0.000000,0.000000,0.001745,-9.669124
-0.109800,2.073800,0.000000,0.000000,0.001745,-6.108652
-0.190200,2.152800,0.000000,0.000000,0.000000,3.159046
-0.268600,2.237200,0.000000,0.000000,0.000000,0.008727
-0.346800,2.315400,0.000000,0.000000,0.001745,-3.045600
0.877600,0.877600,0.013000,26.139000,-0.001745,3.080506
0.884000,0.884000,0.000000,0.000000,-0.003491,-3.045600
0.884200,0.884200,0.000000,0.000000,0.000000,-6.161012
0.886000,0.886000,0.000000,0.000000,-0.001745,0.000000
0.886600,0.886600,0.000000,0.000000,0.003491,0.008727
0.886400,0.886400,0.000000,0.000000,0.000000,3.036873
0.887600,0.887600,0.000000,0.000000,0.000000,9.171705
0.881000,0.881000,0.000000,0.000000,0.001745,-9.293878
0.886000,0.886000,0.000000,0.000000,-0.003491,3.054326
0.886600,0.886600,0.000000,0.000000,0.001745,-10.044370
1.197200,-1.197200,0.000000,0.000000,0.001745,-3.001966
2.624200,-2.355200,-0.026100,-13.258000,-2.694788,232.669842
2.594000,-2.323600,-0.026100,0.000000,-6.229080,-44.933502
2.465400,-3.006800,0.052200,0.000000,-8.545132,-87.737701
2.438600,-2.175200,-0.026100,0.000000,-11.740830,86.664324
2.707200,-2.182600,-0.052200,-12.881000,-8.415978,-124.293623
1.833800,-1.833800,0.000000,0.000000,-7.370525,83.060219
2.312400,-2.178800,-0.013000,-26.139000,-2.977532,156.983639
1.848800,-1.848800,0.000000,0.000000,-6.010914,-217.598924
2.015200,-2.015200,0.000000,0.000000,-8.140216,264.103222
2.939000,-2.412000,-0.052200,26.516000,-9.531243,-263.981049
1.349200,-1.349200,0.000000,26.139000,-10.573205,-108.472213
2.510400,-2.248000,-0.026100,26.139000,-7.267551,-216.237567
2.078000,-2.078000,0.000000,26.139000,-5.342453,170.431401
1.986200,-1.855400,-0.013000,26.139000,-3.054326,145.403380
2.461600,-0.064400,0.026100,-25.762000,-1.719149,24.792402
1.428600,1.015200,0.196000,-25.762000,-0.623083,158.371176
1.368200,1.614000,0.235200,-12.881000,0.185005,-42.839106
0.667200,1.154600,0.287500,26.139000,0.382227,-5.157448
1.680600,1.959400,0.209100,-12.127000,0.212930,6.056292
1.223800,1.449800,0.248300,13.258000,0.237365,-49.087385
2.019000,-0.525800,0.274400,13.258000,-0.150098,-137.296325
2.300000,-0.504600,0.222100,-13.258000,-8.496263,213.165788
3.177600,-1.930600,0.248300,26.516000,-10.000737,11.763519
1.943600,-0.328600,0.274400,0.000000,-7.686430,91.158547
0.526400,1.930400,0.248300,-26.139000,-2.274164,-168.284646
1.262000,1.095200,0.261300,13.258000,0.141372,-8.552113
0.871000,0.925400,0.287500,-26.139000,0.064577,-18.090338
0.824000,0.848400,0.287500,13.258000,0.141372,3.586652
1.227600,1.085800,0.261300,-26.139000,0.183260,8.665560
0.953000,0.778000,0.287500,0.000000,0.122173,-19.198622
0.887400,0.704600,0.287500,-26.139000,0.054105,9.293878
1.325400,0.875600,0.261300,13.258000,-0.076794,-15.821410
1.316000,0.825000,0.261300,-26.139000,0.022689,-0.349066
1.384000,0.892600,0.261300,-26.139000,-0.006981,-16.240289
1.194200,0.689400,0.274400,-12.881000,-0.026180,-29.914943
1.480000,0.988200,0.248300,-12.881000,-0.061087,-9.285152
1.486200,1.122200,0.248300,13.258000,-0.115192,-34.060100
1.135000,0.746800,0.274400,-12.881000,0.000000,6.466445
1.138600,0.617800,0.274400,-12.881000,0.101229,12.034045
1.313800,0.890400,0.261300,-12.881000,-0.012217,34.286993
0.809000,0.354400,0.300500,-26.139000,0.047124,5.506514
1.049200,0.652800,0.274400,13.258000,-0.041888,65.179321
1.790600,1.364400,0.222100,26.516000,0.008727,-67.936941
0.982400,0.909600,0.274400,-12.881000,0.054105,26.441738
0.769600,0.317200,0.300500,0.000000,0.050615,5.279621
1.429000,1.043200,0.248300,13.258000,-0.015708,21.554816
0.930400,0.584000,0.287500,13.258000,-0.033161,0.392699
2.434600,-1.993600,0.313600,0.000000,-0.586431,-113.132242
1.622800,0.053000,0.235200,13.258000,-10.105456,59.358648
2.404600,-1.442800,0.261300,-13.258000,-11.201523,-13.988814
1.342200,-0.051000,0.248300,-12.881000,-12.870058,5.174901
2.691200,-0.961400,0.248300,26.516000,-10.070550,99.108521
1.513400,-0.249600,0.274400,-26.139000,-7.004006,-94.055793
0.356200,1.955200,0.248300,13.258000,-1.094321,222.328767
0.823000,1.011400,0.287500,0.000000,0.158825,88.566733
0.706600,0.925600,0.287500,13.258000,0.134390,98.698369
1.192600,1.397000,0.248300,0.377000,0.115192,95.740036
1.091400,1.209800,0.261300,26.516000,0.146608,14.695672
0.875600,0.926400,0.274400,-12.881000,0.162316,-14.381513
-0.468800,-0.515800,0.222100,-25.762000,0.155334,-33.440508
-0.565800,-0.701200,0.156800,-12.881000,0.132645,13.465215
-1.456400,-1.502400,0.104500,-12.881000,0.003491,40.369466
-1.073400,-1.087800,0.026100,0.000000,-0.036652,6.597345
-1.014600,-0.886600,0.000000,0.000000,-0.075049,21.668263
-0.952200,-0.824200,-0.013000,-26.139000,0.005236,21.537363
-1.052000,-0.858800,0.000000,0.000000,-0.017453,3.028146
-1.068600,-0.837800,0.000000,0.000000,-0.003491,-3.054326
-1.089600,-0.811000,0.000000,0.000000,-0.001745,9.241518
-1.115600,-0.792800,0.000000,0.000000,0.003491,-9.154252
-1.135600,-0.764200,0.000000,0.000000,0.001745,-6.161012
-1.163400,-0.742800,0.000000,0.000000,0.003491,-0.078540
-1.195800,-0.724400,0.000000,0.000000,0.001745,-0.392699
-1.259600,-0.653200,0.000000,0.000000,-0.001745,0.000000
1.233200,1.233200,0.026100,26.139000,0.122173,-24.417156
1.222800,1.222800,0.026100,0.000000,0.104720,-26.520278
1.223600,1.223600,0.039200,13.258000,-0.094248,6.169739
1.225800,1.225800,0.065300,-26.139000,-0.068068,2.827433
1.232800,1.232800,0.104500,26.139000,0.064577,-30.944688
1.234800,1.234800,0.130600,26.139000,0.150098,-30.002210
1.237200,1.237200,0.117600,-12.881000,0.097738,54.367006
1.237200,1.237200,0.065300,-12.504000,-0.130900,133.028995
0.882200,0.882200,0.000000,0.000000,-0.017453,9.128072
0.883200,0.883200,0.000000,0.000000,-0.005236,0.383972
2.109000,-1.978000,-0.013000,0.000000,-0.574213,-21.389010
2.875000,-2.216400,-0.065300,13.258000,-4.363323,-147.558861
2.528400,-2.263000,-0.026100,26.139000,-7.344345,-92.650803
2.879200,-2.203600,-0.065300,-25.762000,-10.039134,-142.279240
1.606400,-1.340600,-0.026100,26.139000,-10.218903,64.917521
1.498200,-1.628400,0.013000,-26.139000,-8.407251,-268.440365
2.023600,-1.892000,-0.013000,0.000000,-4.717625,-199.360234
1.581800,-1.842600,0.026100,0.000000,-2.659882,-34.356806
2.059000,-1.927200,-0.013000,0.000000,-1.600467,285.937291
2.360600,-2.360600,0.000000,26.139000,-3.391175,-68.704886
1.753000,-1.621600,-0.013000,0.000000,-7.536332,265.071880
2.344800,-2.734200,0.039200,12.881000,-7.817330,87.318822
2.258600,-1.997000,-0.026100,26.139000,-11.561061,-8.787733
1.303400,-1.303400,0.000000,-26.139000,-10.068804,-282.813152
0.611600,-0.742400,0.013000,0.000000,-8.950048,136.798907
1.853800,-1.984200,0.013000,26.139000,-3.584906,-91.062554
1.717800,-1.455800,-0.026100,0.000000,-1.336922,165.963358
2.612000,1.493400,0.052200,13.258000,-0.883137,54.122660
2.331600,2.358600,0.169900,0.377000,-0.380482,2.522001
1.575200,1.908200,0.235200,0.377000,0.076794,92.607170
1.019000,1.393800,0.274400,-26.139000,0.307178,-18.491763
0.954200,1.393200,0.274400,-12.881000,0.333358,-55.632370
0.786200,1.163800,0.287500,-12.881000,0.357792,25.647613
0.675800,1.069200,0.287500,26.516000,0.272271,11.205014
0.949400,1.085200,0.261300,13.258000,0.324631,-45.308747
-1.315800,2.921600,0.274400,-13.258000,3.846706,-276.015094
-2.394600,2.484400,0.300500,-12.881000,9.505063,-35.796703
-2.063000,2.606200,0.274400,-26.139000,11.700687,79.316488
-1.649800,2.657400,0.261300,13.258000,11.958996,-70.685835
-1.088600,1.733600,0.287500,13.258000,10.444050,63.652158
0.983600,1.601000,0.222100,-12.881000,5.630432,-46.364672
1.119200,1.242000,0.248300,-12.881000,0.012217,71.122167
1.722000,1.241800,0.235200,-12.881000,0.041888,-58.800142
1.511400,0.844400,0.261300,26.516000,-0.095993,-15.227998
0.676200,0.729000,0.274400,13.258000,-0.179769,34.208453
-1.050200,3.352200,0.209100,-25.385000,5.326745,235.279110
-2.729800,2.591000,0.313600,13.258000,9.904743,-21.266837
-1.743200,2.844000,0.248300,-26.138000,11.861258,-111.535266
-0.734600,1.603400,0.261300,-26.138000,12.623966,99.300508
-0.634800,2.094200,0.261300,-12.881000,8.782497,255.690735
1.428400,0.341800,0.274400,26.139000,3.701843,-248.290539
1.635200,0.725400,0.248300,0.377000,-0.158825,-81.437063
1.854200,0.836000,0.235200,0.377000,-0.286234,-59.751347
1.192200,0.263800,0.287500,0.000000,-0.415388,60.606558
1.180000,0.149800,0.287500,13.258000,-0.319395,-27.820548
1.507600,0.401600,0.261300,13.258000,-0.291470,65.624380
-0.116800,-1.251600,0.222100,-12.881000,-0.235619,-49.314278
-0.576400,-1.156200,0.169900,-26.139000,-0.298451,-8.962266
0.149600,-0.641800,0.104500,-26.139000,-0.001745,43.048546
-0.441000,-1.131200,0.039200,0.000000,-0.043633,76.855574
-0.141000,-1.042000,0.000000,26.139000,-0.012217,2.661627
-0.248600,-0.927000,0.000000,26.139000,-0.256563,-6.012659
-0.097800,-1.082800,0.000000,0.000000,0.024435,2.984513
-0.068000,-1.118400,0.000000,0.000000,0.000000,7.470009
-0.025400,-1.159800,0.000000,0.000000,0.000000,3.028146
0.016800,-1.200400,0.000000,0.000000,0.000000,3.054326
0.057800,-1.241600,0.000000,0.000000,-0.001745,-0.017453
0.098000,-1.279800,0.000000,0.000000,-0.001745,3.071779
0.136200,-1.316400,0.000000,0.000000,-0.003491,-3.569198
0.168200,-1.346800,0.000000,0.000000,-0.012217,9.224065
0.201400,-1.381600,0.000000,0.000000,-0.008727,0.034907
0.231600,-1.412000,0.000000,0.000000,-0.017453,3.071779
1.235200,1.235200,0.013000,26.139000,0.368264,-40.151299
1.232400,1.232400,0.013000,-12.881000,0.043633,15.297811
1.235600,1.235600,0.065300,26.139000,-0.087266,6.257005
1.236800,1.236800,0.065300,0.000000,0.010472,-3.063053
1.239200,1.239200,0.013000,26.139000,0.186750,114.266706
1.235600,1.235600,0.000000,0.000000,-0.092502,-23.073253
0.881600,0.881600,0.000000,0.000000,0.006981,4.433136
0.882800,0.882800,0.000000,0.000000,-0.006981,3.010693
0.885200,0.885200,0.000000,0.000000,0.005236,3.010693
0.882600,0.882600,0.000000,0.000000,-0.005236,3.080506
0.884000,0.884000,0.000000,0.000000,-0.005236,6.126106
0.884800,0.884800,0.000000,0.000000,0.003491,-3.124139
-2.308000,2.442600,-0.013000,0.000000,0.595157,12.540191
-2.320600,2.589000,-0.026100,-12.881000,4.934046,-219.771859
-2.341200,2.606000,-0.026100,0.000000,7.757989,-234.327905
-3.244400,3.244400,0.182900,-13.258000,6.620034,-100.967297
0.494400,0.033200,-0.052200,26.138000,17.943730,79.665554
-0.438600,2.001400,-0.156800,-13.258000,6.461209,-151.747652
-1.436000,2.222400,-0.078400,0.000000,4.853761,-178.433736
-2.002600,2.268600,-0.026100,-26.139000,2.670354,86.524698
-1.871800,1.871800,0.000000,26.139000,2.701770,-137.453405
-2.681200,2.816800,-0.013000,0.000000,3.209660,101.674155
-2.084800,2.084800,0.000000,0.000000,6.705555,-117.067959
-1.973000,1.713200,0.026100,26.139000,9.911725,206.393910
-2.663000,2.793800,-0.013000,26.139000,10.845476,-237.015712
-2.410000,2.017600,0.039200,-13.258000,8.398524,-8.997172
-2.314200,1.789400,0.052200,26.139000,6.902777,-54.201200
-2.074800,2.205600,-0.013000,13.258000,4.052655,-90.285882
-1.827000,1.827000,0.000000,13.258000,1.926843,-64.978608
1.244800,2.167200,0.091400,26.139000,1.219985,9.084439
-0.669600,-0.575400,0.431200,-27.270000,0.162316,-74.516832
1.460800,0.857800,0.261300,13.258000,0.013963,-26.555185
1.577800,0.607200,0.261300,13.258000,-0.226893,23.561945
1.660600,0.575000,0.261300,0.000000,-0.422370,31.887165
1.253000,-0.128400,0.300500,-26.139000,-0.226893,-76.995200
1.737800,0.290600,0.261300,-12.881000,-0.267035,42.001348
-0.325600,2.085000,0.274400,-26.139000,0.389208,144.897234
-2.227000,3.154800,0.274400,0.377000,6.825983,198.714462
-1.172200,2.877200,0.235200,-26.516000,11.714650,-158.327543
-1.463000,2.228800,0.261300,13.259000,12.571607,-155.037597
-0.735400,1.885000,0.248300,-12.881000,11.582005,-231.413205
-0.309600,1.652600,0.248300,-12.881000,7.354817,-123.804930
0.959400,0.478200,0.274400,-26.139000,1.359611,-119.502694
1.278000,1.222800,0.248300,-12.881000,0.115192,40.273472
1.350400,1.040000,0.261300,26.139000,-0.006981,12.897983
1.131200,0.653800,0.274400,13.258000,-0.050615,-52.290064
-1.353600,3.345400,0.248300,13.258000,1.733112,206.934963
-1.333800,2.739000,0.248300,-12.881000,9.171705,-62.465334
-0.095000,2.192000,0.196000,13.258000,13.252285,11.335913
-1.270400,1.974800,0.274400,26.139000,12.384856,256.240514
-0.634200,2.322400,0.235200,-26.139000,10.541789,173.869700
0.156800,1.744800,0.248300,13.258000,6.024877,-178.433736
0.867600,0.505000,0.287500,0.000000,0.375246,-132.374497
1.208000,0.837600,0.261300,13.258000,0.012217,-25.953046
1.316600,0.756000,0.261300,13.258000,-0.069813,9.354965
1.492000,0.748000,0.261300,13.258000,-0.102974,-44.017204
1.359000,0.405000,0.274400,-12.881000,-0.108210,-15.245451
1.482400,0.579000,0.261300,-26.139000,-0.186750,15.515977
-0.220600,-1.268400,0.235200,13.258000,-0.089012,-27.410396
-0.505200,-1.076200,0.169900,13.258000,-0.151844,88.907072
0.015000,-0.721000,0.117600,0.000000,0.001745,-64.001224
-0.698600,-1.265200,0.026100,-26.139000,-0.017453,-5.864306
-0.415600,-1.015400,-0.026100,13.258000,-0.062832,3.220132
-0.502400,-1.191000,0.000000,0.000000,0.057596,-12.295845
-0.507000,-1.186000,0.000000,0.000000,0.006981,3.028146
-0.487000,-1.205400,0.000000,0.000000,0.005236,-6.108652
-0.471000,-1.224800,0.000000,0.000000,-0.003491,0.000000
-0.447000,-1.248200,0.000000,0.000000,0.000000,-3.097959
-0.425800,-1.272000,0.000000,0.000000,0.000000,-6.091199
-0.403600,-1.294400,0.000000,0.000000,0.001745,0.061087
-0.382600,-1.312400,0.000000,0.000000,0.000000,-2.993240
-0.358000,-1.330800,0.000000,0.000000,0.003491,-3.900811
-0.339800,-1.357000,0.000000,0.000000,0.000000,-3.097959
-0.320600,-1.372200,0.000000,0.000000,-0.003491,9.171705
1.231400,1.231400,0.026100,26.139000,0.204204,-18.439404
1.233600,1.233600,0.013000,0.000000,0.054105,-89.177598
1.233200,1.233200,0.039200,26.139000,-0.041888,-6.283185
1.224200,1.224200,0.052200,0.000000,-0.019199,-24.478243
1.226600,1.226600,0.078400,0.000000,0.066323,-9.215338
1.231400,1.231400,0.091400,0.000000,0.050615,12.060225
1.236000,1.236000,0.026100,26.139000,-2.129302,88.889619
1.233200,1.233200,0.000000,-26.139000,0.376991,117.155226
1.234800,1.234800,0.000000,0.000000,-0.024435,-6.257005
0.884000,0.884000,0.000000,0.000000,-0.005236,-6.169739
0.883400,0.883400,0.000000,0.000000,0.005236,-3.054326
0.882200,0.882200,0.000000,0.000000,0.000000,-0.017453
-2.411800,2.282200,0.013000,26.139000,0.352557,0.375246
-2.032600,2.557400,-0.052200,-26.516000,4.953244,190.799394
-2.109400,2.109400,0.000000,-13.258000,7.991863,-152.672676
-2.760200,2.497200,0.026100,0.000000,9.855874,-199.447500
-2.042800,1.910200,0.013000,26.139000,9.890781,274.016692
-2.223800,2.223800,0.000000,-13.258000,7.707374,-146.372038
-2.147400,1.880400,0.026100,26.139000,5.907940,-76.375608
-2.572200,2.572200,0.000000,26.139000,3.207915,-7.435103
-2.216800,2.346600,-0.013000,13.258000,6.112143,18.997909
-2.500800,1.979600,0.052200,0.000000,9.004154,-119.441607
-2.661800,2.533800,0.013000,-13.258000,10.651744,-138.151537
-1.980000,1.980000,0.000000,13.258000,8.297295,-145.124127
-2.206800,2.077600,0.013000,-26.139000,6.627015,-8.848819
-2.176400,1.915000,0.026100,26.139000,4.316199,-33.457962
-2.069400,1.940800,0.013000,-26.139000,1.698205,-114.170713
1.314000,2.576600,0.065300,0.000000,1.151917,-27.977628
3.233800,3.233800,0.078400,13.635000,0.335103,-282.263373
1.343600,0.828200,0.274400,0.000000,-0.038397,-2.024582
1.716800,0.937600,0.261300,-12.881000,-0.265290,-9.677851
1.443600,0.414800,0.287500,13.258000,-0.256563,19.006636
1.644600,0.250800,0.274400,26.516000,-0.221657,-94.806285
1.687800,0.573800,0.261300,-12.881000,-0.392699,-6.562438
1.242400,-0.221600,0.300500,-26.139000,-0.205949,67.038096
1.615400,-2.016600,0.326700,-25.762000,-6.754424,-236.710280
1.540400,-1.729800,0.313600,13.258000,-11.044443,144.434722
2.772600,-1.012800,0.222100,0.377000,-12.196361,66.235245
2.107600,-1.230400,0.261300,-26.138000,-11.978195,272.376083
1.592000,0.080200,0.248300,-26.139000,-9.834930,-229.039557
0.048400,1.853800,0.248300,26.516000,-4.387758,191.401532
1.122200,1.395400,0.248300,-12.881000,0.312414,46.207592
0.602600,1.000600,0.287500,0.000000,0.298451,24.225170
0.872800,1.344600,0.261300,26.516000,0.310669,-3.359759
0.949200,1.349200,0.261300,0.000000,0.364774,-55.335664
1.139000,1.382600,0.248300,-12.881000,0.240855,-12.461651
1.228400,1.423600,0.248300,26.516000,0.171042,-56.330502
0.559200,0.643400,0.300500,-26.139000,0.185005,15.908676
1.296200,1.230000,0.248300,26.516000,0.186750,27.445302
0.855800,0.733600,0.287500,0.000000,0.101229,-16.039576
0.659600,0.499400,0.300500,0.000000,0.017453,9.023352
1.106200,0.627600,0.274400,13.258000,-0.050615,17.514379
1.730400,1.186200,0.235200,26.516000,0.043633,-135.830249
1.001800,0.522000,0.287500,-26.139000,0.001745,-45.195301
1.083200,0.669000,0.274400,-26.139000,-0.024435,-22.130775
0.826000,0.355400,0.300500,0.000000,-0.001745,47.027897
0.862400,0.333000,0.300500,-26.139000,0.036652,-12.034045
1.087200,0.652800,0.274400,13.258000,-0.055851,-8.351400
1.403000,1.461400,0.235200,-12.881000,-0.113446,-0.863938
0.771200,0.787600,0.287500,-26.139000,-0.066323,64.184483
3.302600,-0.248800,0.222100,-12.881000,-0.514872,-202.789806
2.258400,-0.259200,0.261300,-12.881000,-1.099557,-8.691740
1.686000,-0.870200,0.300500,-12.881000,-1.216494,54.332100
1.875800,0.075800,0.248300,26.516000,-0.657989,63.931410
1.029400,0.341000,0.274400,-26.139000,-0.438078,56.714474
1.127000,0.633800,0.261300,26.516000,-0.010472,-43.214352
0.538600,0.873200,0.274400,-26.139000,0.109956,-12.557644
0.649200,1.647200,0.248300,-26.139000,0.544543,-33.676128
0.422800,1.692600,0.261300,26.516000,0.696386,-148.457706
-0.106000,1.106400,0.300500,-26.139000,0.783653,67.107910
0.483000,1.496800,0.261300,13.258000,0.982620,97.136299
1.547000,0.185400,0.274400,-26.138000,0.054105,13.727015
0.626800,1.053600,0.274400,-26.139000,-0.429351,67.378436
0.926200,1.087200,0.261300,13.258000,0.211185,58.180551
2.774400,-1.663200,0.313600,13.258000,-1.345649,-197.545091
2.160800,-1.964000,0.300500,-26.139000,-8.576548,-102.773713
1.397600,-1.804000,0.313600,0.377000,-11.866494,-198.112323
1.452600,0.567600,0.209100,-12.881000,-12.964306,-201.978227
1.761400,-0.320000,0.248300,13.258000,-10.281735,183.669724
1.057200,0.371400,0.300500,-12.881000,-6.223844,-128.883838
0.528000,1.007800,0.300500,-26.139000,0.139626,82.161374
1.488200,1.598400,0.235200,26.516000,0.335103,-72.815136
1.314400,1.487800,0.248300,26.516000,0.204204,121.003677
0.612200,0.702200,0.300500,-26.139000,0.179769,-3.935717
0.012400,-0.034800,0.235200,0.377000,0.116937,-43.476152
-0.428400,-0.662600,0.156800,-12.881000,0.164061,-91.271993
-0.143400,-0.531200,0.117600,26.516000,-0.055851,18.570303
-0.615000,-1.060400,0.065300,0.000000,0.034907,-15.393804
-0.327600,-0.816800,0.013000,26.139000,0.059341,-12.208578
-0.211600,-0.674200,-0.013000,-26.139000,0.029671,2.958333
-0.285000,-0.736800,0.000000,0.000000,0.006981,3.010693
-0.287600,-0.730600,0.000000,0.000000,-0.003491,0.052360
-0.280800,-0.735000,0.000000,0.000000,0.000000,0.000000
-0.275600,-0.739600,0.000000,0.000000,0.003491,0.017453
-0.274000,-0.741800,0.000000,0.000000,0.000000,6.134832
-0.271800,-0.747000,0.000000,0.000000,0.000000,-6.108652
-0.270800,-0.748000,0.000000,0.000000,-0.003491,3.132866
-0.265400,-0.750600,0.000000,0.000000,0.000000,10.917034
-0.261800,-0.758000,0.000000,0.000000,0.001745,-6.152286
-0.261600,-0.757600,0.000000,0.000000,-0.003491,6.117379
1.231000,1.231000,0.013000,0.000000,0.010472,-36.599554
1.228600,1.228600,0.026100,0.000000,0.095993,-12.339478
1.228600,1.228600,0.052200,-26.139000,0.169297,2.652900
1.230200,1.230200,0.065300,0.000000,0.162316,6.230825
1.230200,1.230200,0.104500,0.000000,0.097738,9.267698
1.223600,1.223600,0.104500,0.000000,0.089012,-49.410271
1.221600,1.221600,0.117600,-12.881000,0.102974,-30.770155
1.225400,1.225400,0.130600,-26.139000,0.092502,-27.602382
1.231000,1.231000,0.156800,13.258000,0.036652,6.658431
1.235600,1.235600,0.013000,-26.139000,-3.771657,135.455003
1.232800,1.232800,0.000000,26.139000,-0.160570,102.328654
1.232400,1.232400,0.013000,-26.139000,-0.059341,30.578168
2.042000,-2.174200,0.013000,-26.139000,-0.493928,-218.375596
2.057400,-1.796400,-0.026100,0.377000,-5.600762,-233.603593
2.240600,-1.982200,-0.026100,13.258000,-7.787659,-14.835299
2.050200,-2.310200,0.026100,26.139000,-10.360274,71.767939
3.236200,-3.236200,0.000000,13.635000,-3.719297,210.067829
-0.836400,1.231800,-0.039200,-13.258000,-10.592403,-6.928957
2.410600,-1.888800,-0.052200,-26.139000,-3.213151,17.627825
2.083400,-1.549800,-0.052200,13.258000,-2.743658,5.611234
2.364000,-2.100200,-0.026100,26.139000,-1.734857,27.515116
2.382800,-2.513600,0.013000,26.139000,-3.518584,-166.382237
2.103800,-1.972800,-0.013000,-26.139000,-6.890560,173.084302
1.724600,-1.594600,-0.013000,12.881000,-9.964085,230.880880
2.203600,-2.593000,0.039200,0.000000,-11.021754,-156.896373
2.165200,-2.033600,-0.013000,0.000000,-8.532915,250.384934
1.951200,-2.471800,0.052200,-26.139000,-6.220353,-42.245694
1.792200,-1.661800,-0.013000,13.258000,-4.525639,60.720005
1.863600,-1.734600,-0.013000,-26.139000,-1.424189,162.254534
2.322400,1.291000,0.065300,0.000000,-0.938987,55.248397
2.647800,2.556800,0.182900,-26.139000,-0.293215,46.521751
1.648400,1.782600,0.235200,13.258000,0.193732,-39.330995
0.960600,1.278400,0.287500,-26.139000,0.284489,65.615653
0.610000,1.036600,0.300500,13.258000,0.308923,65.842546
1.043000,1.473600,0.261300,13.258000,0.261799,2.818707
0.960200,1.288200,0.274400,13.258000,0.263545,4.564036
0.820200,0.985800,0.274400,26.516000,0.246091,-11.257374
2.238800,-0.920200,0.261300,-12.881000,-5.452409,-101.403629
3.293600,-1.771800,0.196000,13.635000,-9.108873,82.999132
1.881400,-0.629200,0.248300,25.762000,-13.301154,-181.863308
2.764000,-0.999000,0.222100,13.258000,-11.561061,-117.041780
1.899000,-0.960800,0.274400,13.258000,-9.505063,160.465571
0.927000,1.031200,0.235200,13.258000,-4.639085,205.713232
1.303000,1.074800,0.261300,13.258000,0.146608,11.013028
0.178400,0.074000,0.339800,-13.258000,0.141372,6.126106
1.174000,1.122200,0.261300,13.258000,0.087266,-18.561577
2.746800,-1.259600,0.300500,-12.881000,-1.033235,-189.211144
3.248600,-1.494400,0.222100,13.635000,-8.044223,35.037485
2.573800,-2.021800,0.274400,-12.881000,-11.344640,-106.569804
1.805400,1.086400,0.209100,-26.139000,-7.325147,-272.410989
0.315400,1.478200,0.287500,0.000000,-0.471239,171.330246
0.996400,1.256000,0.274400,13.258000,0.261799,-9.398598
0.466000,0.681200,0.313600,-26.139000,0.214675,55.658550
0.851200,0.816200,0.287500,-12.881000,0.307178,-15.838863
0.839400,0.954400,0.274400,-12.881000,0.143117,15.175638
1.401400,1.444000,0.235200,-12.881000,0.129154,-36.049776
-0.496000,-0.578200,0.235200,26.516000,0.132645,-29.321531
-0.614400,-0.724200,0.156800,-26.139000,0.075049,-60.693825
-1.147600,-1.283000,0.091400,13.258000,0.040143,-6.702064
-0.812000,-0.951600,0.026100,0.000000,0.048869,33.990287
-0.653600,-0.715600,-0.013000,-26.139000,-0.069813,9.258972
-0.706600,-0.789000,0.000000,0.000000,-0.033161,-12.295845
-0.703400,-0.792400,0.000000,0.000000,0.006981,3.045600
-0.714800,-0.783800,0.000000,0.000000,-0.003491,-6.143559
-0.721200,-0.777600,0.000000,0.000000,-0.005236,3.089233
-0.724000,-0.773800,0.000000,0.000000,0.000000,6.065019
-0.730800,-0.767400,0.000000,0.000000,-0.001745,4.188790
-0.732600,-0.758200,0.000000,0.000000,-0.003491,0.043633
-0.738800,-0.755400,0.000000,0.000000,-0.001745,0.008727
-0.744200,-0.752400,0.000000,0.000000,0.000000,-3.063053
-0.752000,-0.747200,0.000000,0.000000,-0.001745,0.017453
-0.754600,-0.739600,0.000000,0.000000,-0.001745,-3.045600
1.234000,1.234000,0.026100,0.000000,-0.010472,-12.435471
1.227000,1.227000,0.039200,0.000000,0.087266,-0.034907
1.222800,1.222800,0.052200,-26.139000,-0.031416,9.197885
1.226200,1.226200,0.065300,-26.139000,0.090757,-21.284290
1.228600,1.228600,0.104500,-26.139000,0.099484,-40.090213
1.232000,1.232000,0.000000,13.258000,-2.789036,163.546077
1.234000,1.234000,0.013000,-26.139000,0.790634,90.189889
1.234000,1.234000,0.000000,26.139000,-0.082030,80.529492
1.236000,1.236000,0.000000,0.000000,-0.005236,12.322025
0.883800,0.883800,0.000000,0.000000,0.000000,6.169739
0.881000,0.881000,0.000000,0.000000,-0.005236,6.187192
0.717000,-0.717000,0.000000,0.000000,0.005236,-2.949606
2.447000,-2.834600,0.039200,26.139000,-7.401941,-234.048652
2.498400,-2.498400,0.000000,0.000000,-10.451032,-18.011798
1.819800,-1.951200,0.013000,0.000000,-5.063200,107.215576
1.800000,-1.800000,0.000000,0.000000,-2.298599,143.850037
2.187200,-2.057600,-0.013000,0.000000,-2.235767,-41.181044
2.130000,-2.130000,0.000000,0.000000,-4.710644,-162.594873
2.540400,-2.540400,0.000000,-26.139000,-6.377433,-230.470727
2.003800,-2.134800,0.013000,0.000000,-9.920451,241.300495
0.999000,-1.129600,0.013000,26.139000,-11.840314,62.535147
1.866200,-2.131600,0.026100,12.881000,-8.477064,162.027641
1.714600,-1.847400,0.013000,-13.258000,-6.599090,1.213004
2.921800,2.255000,0.039200,0.000000,-0.902335,-190.598681
1.183400,1.605600,0.235200,-13.258000,-0.322886,-77.152279
0.970600,1.352200,0.261300,-12.881000,0.242601,75.084064
0.928800,1.422000,0.261300,-12.881000,0.364774,-37.454766
1.266800,1.537600,0.248300,13.258000,0.413643,-58.669243
0.724400,1.051600,0.287500,-26.139000,0.312414,-80.285146
0.866800,1.143600,0.274400,13.258000,0.289725,-22.218041
1.083400,1.138400,0.261300,-26.139000,0.254818,11.955505
1.077000,-2.513400,0.405100,26.516000,-5.080653,-98.881629
1.918800,-0.812800,0.248300,0.377000,-10.932742,-9.424778
2.064600,-1.729000,0.274400,13.258000,-11.822860,-101.866142
1.661800,-0.606800,0.248300,-12.881000,-12.611749,-236.832453
2.002200,-0.093600,0.222100,-12.881000,-10.119419,253.770873
0.817000,1.382000,0.261300,26.516000,-4.960226,49.986230
1.024000,0.946000,0.274400,-12.881000,0.293215,14.948745
1.158400,1.224400,0.261300,-26.139000,0.167552,76.646134
0.804600,0.937600,0.287500,13.258000,0.097738,73.661621
1.617800,-0.701200,0.300500,-26.139000,0.019199,-2.775074
2.198600,-0.032600,0.209100,26.893000,-8.686504,-249.739162
2.543200,2.269800,0.065300,-12.504000,-13.412855,64.856435
3.239600,-1.146600,0.209100,13.258000,-11.650073,-181.863308
2.545400,-1.318600,0.248300,13.258000,-10.927506,-255.760548
1.742600,-0.845200,0.274400,13.258000,-7.829547,11.074114
0.780400,2.448400,0.196000,26.516000,-2.253220,-227.276775
1.045800,1.380800,0.261300,13.258000,0.113446,18.125244
0.719400,0.916400,0.287500,13.258000,0.233874,-7.522369
1.463200,1.435600,0.235200,0.377000,0.268781,-87.685342
1.171600,1.162600,0.261300,-12.881000,0.186750,37.350046
0.944000,0.918600,0.274400,26.516000,0.123918,-10.026917
-0.447000,-0.590800,0.261300,13.258000,0.118682,4.049164
-0.632000,-0.741600,0.169900,-26.139000,0.012217,3.193953
-0.587000,-0.718000,0.143700,26.139000,-0.008727,-0.959931
-0.954200,-1.180800,0.065300,-26.139000,0.075049,-15.402531
-0.677400,-0.929600,0.013000,26.139000,0.095993,-8.944812
-0.567400,-0.775400,-0.013000,0.000000,0.048869,-9.189159
-0.654800,-0.817400,0.000000,0.000000,0.048869,-30.621802
-0.694000,-0.778200,0.000000,0.000000,-0.017453,9.224065
-0.685200,-0.786600,0.000000,0.000000,0.001745,-9.224065
-0.686800,-0.783000,0.000000,0.000000,0.003491,-6.126106
-0.696600,-0.779000,0.000000,0.000000,-0.005236,3.097959
-0.695200,-0.778600,0.000000,0.000000,0.000000,0.069813
-0.702000,-0.772000,0.000000,0.000000,-0.005236,5.750860
-0.701800,-0.769400,0.000000,0.000000,-0.003491,3.036873
-0.703800,-0.769400,0.000000,0.000000,0.000000,6.195919
-0.705600,-0.767000,0.000000,0.000000,0.000000,3.019420
1.225000,1.225000,0.013000,0.000000,0.207694,-15.603243
1.228200,1.228200,0.039200,0.000000,0.230383,36.643188
1.227400,1.227400,0.065300,0.000000,0.111701,49.104838
1.227000,1.227000,0.078400,-26.139000,0.006981,-5.951573
1.228600,1.228600,0.078400,13.258000,0.146608,-3.193953
1.232400,1.232400,0.091400,13.258000,0.090757,3.516838
1.236000,1.236000,0.117600,-26.139000,0.118682,12.705997
1.227400,1.227400,-0.013000,0.000000,-2.792527,50.570915
1.222800,1.222800,0.000000,-26.139000,0.546288,-104.772115
1.229400,1.229400,0.013000,-26.139000,0.129154,30.586895
0.881400,0.881400,0.000000,0.000000,-0.006981,18.325957
0.881600,0.881600,0.000000,0.000000,0.000000,2.967060
1.700800,-1.700800,0.000000,0.000000,-0.204204,4.982915
2.019000,-2.019000,0.000000,-26.516000,-4.644321,199.857652
2.133800,-2.133800,0.000000,-13.258000,-7.202974,-84.936448
2.247800,-2.247800,0.000000,26.139000,-9.660397,-31.023227
1.672600,-1.672600,0.000000,-26.139000,-10.492919,171.373879
1.890800,-1.890800,0.000000,-26.139000,-8.436922,28.483773
1.948600,-1.817600,-0.013000,0.000000,-5.921902,67.718775
1.694600,-1.694600,0.000000,0.000000,-3.707079,95.225164
2.200600,-2.200600,0.000000,0.000000,-1.192060,-153.004289
1.830200,-1.830200,0.000000,26.139000,-4.005531,-63.870324
2.179000,-2.443000,0.026100,13.258000,-5.747369,200.625597
1.735600,-1.604800,-0.013000,-26.139000,-9.239773,54.820792
1.586200,-1.455400,-0.013000,26.139000,-2.391101,205.503793
2.356200,0.718600,0.039200,0.000000,-0.991347,-21.982422
2.623200,2.717800,0.130600,-26.139000,-0.696386,151.241506
1.930600,1.971200,0.209100,-12.881000,0.244346,-3.010693
0.740600,1.133000,0.287500,0.000000,0.265290,20.874138
0.853600,1.303000,0.274400,13.258000,0.322886,27.899088
1.031200,1.496600,0.261300,0.000000,0.258309,24.277530
0.890200,1.232400,0.274400,-12.881000,0.240855,63.879051
0.877600,1.129400,0.274400,13.258000,0.209440,12.374384
2.569800,-1.580800,0.313600,-26.139000,-1.066396,-184.271862
2.072200,-3.205200,0.365900,-13.258000,-7.543313,-59.760074
2.314200,-1.835800,0.287500,26.516000,-11.079350,38.196531
1.855600,0.692400,0.222100,13.258000,-6.997025,222.145507
0.535200,1.674400,0.274400,13.258000,-0.691150,214.308979
0.940200,0.999200,0.287500,-12.881000,0.200713,-8.927359
0.913000,0.835400,0.287500,-12.881000,0.118682,37.507126
3.348800,-1.879400,0.248300,-26.139000,-4.417428,-212.659642
1.323800,-0.725000,0.274400,-26.516000,-11.882202,2.836160
2.030200,-0.914400,0.248300,-26.138000,-12.493067,182.125107
2.029400,-1.346800,0.274400,26.516000,-12.041026,0.287979
1.660400,-0.698800,0.287500,0.000000,-9.663888,150.700454
0.642600,1.621400,0.235200,-12.881000,-4.548328,200.529604
0.782800,1.191400,0.261300,-26.139000,0.560251,79.429934
0.620200,1.126800,0.274400,-13.258000,0.240855,60.397119
0.533400,1.041000,0.274400,-12.881000,0.190241,58.913589
1.102000,1.177600,0.248300,26.516000,0.357792,-1.989675
1.207200,1.206600,0.248300,-12.881000,0.205949,-9.398598
-0.114600,-0.123800,0.274400,-26.139000,0.054105,-16.641714
-1.042800,-1.222800,0.209100,-26.139000,0.047124,0.837758
-0.378600,-0.869000,0.143700,0.000000,0.040143,12.121312
-0.806600,-1.305000,0.091400,13.258000,-0.038397,-37.690385
-0.408800,-1.043400,0.026100,0.000000,0.172788,5.977753
-0.337600,-0.855600,0.000000,26.139000,-0.017453,2.844887
-0.379400,-0.812000,0.000000,0.000000,-0.026180,24.277530
-0.340400,-0.716000,-0.013000,-26.139000,-0.151844,-3.045600
-0.369600,-0.816800,0.000000,0.000000,-0.132645,-6.265732
-0.285800,-0.903400,0.000000,0.000000,0.013963,-15.454891
-0.290400,-0.902600,0.000000,0.000000,-0.005236,-3.019420
-0.282600,-0.907000,0.000000,0.000000,-0.015708,-3.045600
-0.260200,-0.929800,0.000000,0.000000,0.006981,-6.126106
-0.256200,-0.937800,0.000000,0.000000,0.000000,-3.124139
-0.243200,-0.945400,0.000000,0.000000,0.000000,0.000000
-0.233600,-0.954400,0.000000,0.000000,0.000000,9.241518
-0.224800,-0.964200,0.000000,0.000000,-0.003491,9.197885
1.227800,1.227800,0.026100,-13.258000,-0.003491,-24.478243
1.231000,1.231000,0.026100,-26.139000,0.015708,18.229964
1.225800,1.225800,0.026100,13.258000,0.006981,-2.757620
1.220400,1.220400,0.078400,0.000000,0.010472,18.133971
1.220000,1.220000,0.091400,-26.139000,0.026180,9.485864
1.227400,1.227400,0.104500,13.258000,0.073304,-0.261799
1.230600,1.230600,0.130600,13.258000,0.076794,-3.010693
1.233200,1.233200,0.013000,0.000000,-1.809906,-233.786853
1.231400,1.231400,0.000000,0.000000,-0.012217,-16.196655
1.234000,1.234000,0.000000,0.000000,0.000000,27.663469
0.883800,0.883800,0.000000,0.000000,-0.010472,9.337511
0.760000,-0.628000,-0.013000,-26.139000,-0.003491,-6.222099
2.526000,-2.397600,-0.013000,-26.139000,-1.054179,-218.427956
2.458200,-2.329800,-0.013000,0.000000,-5.035275,-144.391089
2.448800,-2.316800,-0.013000,-26.139000,-8.023279,-129.075825
2.467200,-2.467200,0.000000,12.504000,-10.688396,258.134196
1.676800,-1.676800,0.000000,0.000000,-9.149016,220.740517
1.914600,-1.914600,0.000000,-13.258000,-7.189011,55.196038
1.729800,-1.729800,0.000000,26.139000,-5.010840,113.202055
1.617800,-1.487800,-0.013000,13.258000,-2.410300,96.097829
2.282600,-2.021200,-0.026100,13.258000,-2.045526,-181.156450
2.426000,-2.164600,-0.026100,-26.139000,-4.246386,-123.080619
2.432800,-2.432800,0.000000,13.258000,-6.565929,-86.437431
2.514600,-2.252000,-0.026100,0.000000,-9.246754,-131.685092
1.266200,-1.004800,-0.026100,0.000000,-11.658799,-220.862690
2.132600,-1.871800,-0.026100,13.258000,-7.918559,3.089233
1.637600,-1.505600,-0.013000,-26.139000,-6.557202,89.753557
1.735800,-1.735800,0.000000,-26.139000,-3.551745,46.286132
2.146400,0.008800,-0.013000,-26.139000,-1.082104,37.166786
2.474200,2.167200,0.065300,-12.881000,-0.722566,9.773844
2.098600,1.987800,0.196000,13.258000,0.469494,-78.679443
1.544600,1.998600,0.235200,0.377000,0.382227,-24.905848
1.315000,1.667000,0.261300,13.258000,0.446804,-104.772115
0.479800,0.904000,0.313600,0.000000,0.216421,-10.323623
1.067000,1.096600,0.274400,-12.881000,0.239110,4.773475
1.324000,0.848200,0.274400,13.258000,0.031416,29.845130
1.057400,0.225600,0.300500,26.516000,-0.155334,4.241150
1.327200,0.840800,0.261300,26.516000,-0.202458,31.651546
1.161800,0.784400,0.274400,0.000000,-0.127409,-4.180064
1.158200,0.730200,0.274400,-12.881000,-0.013963,-27.148596
1.079800,0.726800,0.274400,-26.139000,-0.034907,-8.115781
1.868000,1.436600,0.222100,0.377000,0.008727,-23.448498
1.207400,0.706600,0.274400,-12.881000,0.033161,-9.747664
0.923200,0.590000,0.287500,-26.139000,-0.111701,34.723325
1.338600,1.005600,0.261300,13.258000,-0.048869,-13.124876
1.227000,0.830400,0.274400,13.258000,0.054105,-7.077310
1.129200,0.793200,0.274400,-12.881000,0.003491,-10.175270
2.626800,-0.432000,0.261300,13.258000,-0.319395,-36.416295
2.168600,-1.876200,0.300500,-13.258000,-7.944739,246.370677
2.019400,-1.458600,0.274400,13.259000,-11.798426,-21.101031
2.487000,-1.490000,0.248300,-25.762000,-12.346459,-63.102379
2.083600,-0.890400,0.261300,26.516000,-11.632619,-207.807627
1.698600,0.824600,0.222100,-26.139000,-8.176868,164.357655
0.627400,1.943600,0.261300,-12.881000,-1.357866,185.999738
1.108800,1.494800,0.261300,26.516000,0.160570,48.380527
0.985600,1.232600,0.274400,-26.139000,0.261799,25.272368
0.990600,1.186800,0.274400,26.516000,0.214675,-6.623525
3.116800,-1.735200,0.261300,0.377000,-1.094321,132.889369
2.057600,-1.654800,0.287500,-12.881000,-8.997172,-84.709555
2.004200,-0.474800,0.222100,26.516000,-12.463396,34.557519
2.174800,-1.461400,0.274400,13.258000,-12.213814,71.767939
1.849000,-1.237800,0.287500,-26.139000,-10.766936,-63.399085
0.840400,0.435400,0.274400,13.258000,-6.806784,87.903508
0.793200,2.064800,0.222100,-12.881000,-0.282743,161.992734
0.739000,1.071400,0.274400,-26.139000,0.329867,-19.102629
0.595800,1.167600,0.274400,26.516000,0.261799,18.579030
0.928600,1.118800,0.261300,13.258000,0.315905,-1.893682
1.199200,0.936600,0.261300,0.000000,0.038397,61.679936
0.862800,0.576400,0.287500,13.258000,0.010472,-12.583824
1.314000,0.708800,0.261300,26.516000,0.109956,-5.794493
1.072000,0.671400,0.274400,-26.139000,-0.008727,7.260570
0.997000,0.768000,0.274400,0.377000,-0.102974,-38.519417
1.034600,0.611600,0.274400,-26.139000,0.034907,3.193953
1.476800,0.958000,0.248300,-12.881000,0.027925,-0.375246
1.338600,0.792800,0.261300,26.516000,-0.082030,-24.556783
1.160600,0.502600,0.274400,13.258000,-0.075049,31.555553
1.107400,0.524200,0.274400,-12.881000,-0.094248,-14.826572
1.474800,0.866400,0.248300,13.258000,-0.139626,-51.871185
1.549600,0.891800,0.248300,0.377000,-0.167552,8.054694
1.295200,0.720200,0.261300,-12.881000,-0.027925,-43.511058
1.681200,1.053400,0.235200,0.377000,0.013963,3.970624
1.337400,1.166800,0.248300,26.516000,-0.012217,52.159165
0.968200,0.819800,0.274400,13.258000,-0.043633,8.874999
1.556600,0.886000,0.248300,-12.881000,-0.176278,3.961897
1.513000,1.068400,0.248300,26.516000,-0.239110,18.613936
0.968600,0.529400,0.287500,-12.881000,-0.080285,34.365533
1.125000,0.624200,0.274400,13.258000,-0.078540,-1.527163
1.445400,0.761000,0.261300,-26.139000,-0.104720,-0.829031
0.589400,0.939600,0.287500,-12.881000,-0.237365,22.750367
1.019400,1.120600,0.261300,-12.881000,0.153589,12.383111
0.831200,1.108400,0.274400,26.139000,0.144862,9.258972
1.001400,1.268200,0.261300,26.516000,0.127409,46.033059
1.025200,1.144600,0.261300,26.516000,0.176278,5.602507
1.043800,0.838000,0.274400,26.139000,0.191986,-31.869712
1.266000,0.950200,0.261300,26.516000,-0.036652,-24.129177
0.747200,0.285600,0.300500,13.258000,0.080285,-8.717920
1.569600,1.230200,0.235200,13.258000,-0.008727,-55.684730
1.059200,0.776600,0.274400,-12.881000,-0.083776,47.307149
1.152200,0.578400,0.274400,13.258000,-0.005236,-42.010075
1.984000,1.146400,0.222100,-25.762000,-0.040143,28.082348
1.080600,0.370000,0.287500,-26.139000,-0.218166,46.958083
0.756000,0.598000,0.287500,-26.139000,-0.062832,19.975293
1.434800,1.270000,0.235200,-12.881000,0.013963,-39.732420
0.848600,0.627000,0.287500,-12.881000,0.062832,24.574236
1.493800,0.598400,0.261300,13.258000,-0.186750,76.183622
1.704000,1.021400,0.235200,-12.881000,-0.230383,9.302605
1.077600,0.380000,0.287500,0.000000,-0.144862,40.613812
1.312000,0.736800,0.261300,-25.762000,-0.137881,42.245694
1.252800,1.115400,0.248300,0.377000,-0.015708,-2.844887
0.886200,0.963600,0.274400,13.258000,0.185005,27.986355
0.361000,1.123000,0.287500,-26.139000,0.240855,-20.734511
0.731000,1.351600,0.261300,-12.881000,0.712094,-51.687926
0.756400,1.360400,0.261300,13.258000,0.535816,10.131636
0.618200,1.118400,0.274400,-12.881000,0.424115,-65.310221
0.975000,1.177400,0.261300,-12.881000,0.082030,7.513642
1.090000,0.662400,0.274400,-12.881000,0.141372,-27.209683
1.071200,0.692800,0.274400,-26.139000,-0.010472,10.620328
1.322000,0.853200,0.261300,-12.881000,-0.001745,-31.197760
0.910200,0.462200,0.287500,-26.139000,-0.027925,31.250120
1.146000,1.250800,0.248300,-12.881000,0.338594,-36.355208
1.735200,0.780400,0.248300,26.516000,-0.153589,-55.702183
0.593600,-0.212600,0.326700,0.000000,0.144862,-76.742127
1.532200,0.851000,0.248300,13.258000,-0.062832,-52.979469
1.321000,0.798800,0.261300,13.258000,-0.216421,36.547194
1.123000,0.571400,0.274400,-12.881000,-0.097738,-0.715585
1.030000,0.583800,0.274400,-26.139000,-0.115192,59.000855
1.642800,1.170800,0.235200,13.258000,-0.066323,-77.291906
1.096200,0.668000,0.274400,13.258000,-0.024435,-32.419491
1.395800,0.965800,0.248300,-12.881000,-0.013963,-25.246188
1.476400,0.992600,0.248300,26.516000,-0.005236,40.194933
0.942800,0.486200,0.287500,-26.139000,0.034907,-27.375489
1.059200,0.619400,0.274400,-12.881000,0.020944,-21.039944
1.650200,1.161600,0.235200,-12.881000,0.040143,-106.246918
1.351400,0.822400,0.261300,-12.881000,0.082030,-2.626721
1.114000,0.629600,0.274400,-12.881000,0.019199,-20.734511
1.088600,0.645200,0.313600,25.762000,-0.024435,44.174283
1.729200,1.142400,0.235200,0.377000,0.092502,-63.774331
2.247400,-2.570200,0.352800,-26.138000,-0.925025,-173.485727
1.362400,-2.932600,0.379000,12.881000,-8.688249,-235.148210
1.789400,-1.185000,0.261300,13.258000,-12.618730,-206.228104
2.273800,-0.963600,0.235200,-12.881000,-12.500048,-60.423299
1.632600,-0.081400,0.261300,0.000000,-11.095058,-83.435465
1.427800,2.484000,0.182900,0.377000,-7.361799,-51.068334
-3.258600,2.641200,0.431200,-0.377000,-1.680752,-140.132485
3.239800,0.578000,0.209100,0.754000,0.537561,221.761535
2.135200,0.830000,0.235200,25.385000,1.680752,239.668613
0.154400,2.497600,0.104500,-26.139000,-0.015708,18.107791
1.397200,1.397200,0.000000,0.000000,0.006981,-8.133234
1.407000,1.407000,0.000000,0.000000,0.005236,0.017453
-0.191000,0.191000,0.000000,0.000000,-0.012217,-9.154252
-0.275800,0.275800,0.000000,0.000000,0.005236,-0.017453
-0.371200,0.371200,0.000000,0.000000,0.000000,3.054326
-0.463000,0.463000,0.000000,0.000000,-0.001745,12.243485
-0.555200,0.555200,0.000000,0.000000,0.000000,9.197885
-0.647400,0.647400,0.000000,0.000000,0.000000,0.069813
-0.735400,0.735400,0.000000,0.000000,0.000000,-0.069813
-1.012200,1.012200,0.000000,0.000000,0.001745,-2.626721
-1.109000,1.109000,0.000000,0.000000,0.000000,6.169739
-1.203000,1.203000,0.000000,0.000000,0.000000,0.017453
-1.225200,1.225200,0.000000,0.000000,0.134390,91.952672
0.879400,0.879400,0.000000,0.000000,0.069813,-6.161012
0.879600,0.879600,0.000000,0.000000,-0.005236,-7.312930
0.880800,0.880800,0.000000,0.000000,0.003491,-9.189159
0.882600,0.882600,0.000000,0.000000,0.000000,-0.034907
0.883400,0.883400,0.000000,0.000000,-0.001745,-3.115413
0.882600,0.882600,0.000000,0.000000,0.003491,-6.108652
0.881400,0.881400,0.000000,0.000000,-0.001745,3.080506
0.882200,0.882200,0.000000,0.000000,0.000000,-6.126106
0.884200,0.884200,0.000000,0.000000,0.003491,-9.206612
0.882200,0.882200,0.000000,0.000000,-0.003491,9.285152
0.883400,0.883400,0.000000,0.000000,-0.001745,0.026180
1.183600,-1.052000,-0.013000,-26.139000,-0.008727,-4.197517
1.842800,-1.842800,0.000000,-26.139000,-3.441789,-65.624380
2.708200,-2.313200,-0.039200,0.377000,-6.148795,119.476514
2.097400,-1.705000,-0.039200,0.000000,-7.314675,3.708825
1.389200,-1.389200,0.000000,0.000000,-11.707669,63.957590
2.077600,-1.545400,-0.052200,26.139000,-8.417723,124.965574
1.749600,-1.749600,0.000000,26.139000,-6.798057,3.490658
1.684600,-1.684600,0.000000,26.139000,-4.303982,159.776166
1.659800,-1.530200,-0.013000,0.000000,-1.771509,77.021380
2.258000,-2.127000,-0.013000,26.139000,-2.542945,-116.963240
2.326400,-2.196000,-0.013000,0.000000,-4.733333,-25.787240
2.301600,-2.170800,-0.013000,26.516000,-7.579965,-21.676989
2.323600,-2.587000,0.026100,-12.881000,-9.894272,-153.588974
1.339000,-1.207800,-0.013000,0.000000,-10.672688,120.602251
1.942000,-1.678200,-0.026100,13.258000,-7.874926,27.829275
1.740400,-1.477400,-0.026100,13.258000,-5.708972,55.867989
1.494400,-1.494400,0.000000,26.139000,-3.049090,67.675142
2.390000,0.803400,0.000000,13.258000,-1.162389,79.665554
2.076000,1.986000,0.143700,-13.258000,-0.778417,33.728488
2.136000,2.211000,0.196000,0.377000,0.137881,104.117616
1.683200,1.962600,0.235200,0.377000,0.237365,22.060962
0.860200,1.327200,0.287500,13.258000,0.239110,-16.833701
0.897200,1.312600,0.274400,26.516000,0.282743,-2.775074
1.819000,2.005200,0.209100,0.754000,0.383972,-39.584067
2.342000,-1.198600,0.261300,-12.881000,-7.698647,-208.200326
1.596800,-3.292600,0.379000,-12.881000,-10.363765,83.514005
3.197600,-3.197600,0.248300,25.385000,-8.892453,103.515478
3.285400,-3.285400,0.196000,27.270000,-9.475392,-86.332711
0.267200,-3.311200,0.470500,-0.378000,-10.487683,-253.011655
3.231600,-0.500800,-0.078400,-2.638000,-7.726573,250.594374
-3.196400,3.196400,-0.091400,26.139000,-13.789846,-27.454029
-3.196400,3.196400,0.509700,1.131000,-11.681489,-43.423792